"","X","participant","condition","date","t_consenso","t_istruzioni","t_sam","intensita","valenza","t_task","t_dual","vd_dual","OS","t_entity","entity","Reas1","Reas2","Reas3","Reas4","Reas5","Reas6","t_prev","prev","t_pr1","pr1","t_pr2","pr2","sexI","ageI","NLI","AoAI","sexE","ageE","NLE","AoAE","condition1","first"
"1",1,"International","M","2025-10-09_19h17.59.910",33.1559,49.065,20.1993,0.428240776,0.570601834,207.4976,2.833,0,"Win32",7e-04,NA,NA,"While there were cases in which after taking Batatrim the patient overcame the problem. There were also many cases were they did not overcame the problem, or overcame it without using Batatrim, thus leading me to belive that Batatrim is not effective",NA,NA,NA,NA,17.411,77,9.0722,85,9.7559,15,NA,NA,NA,NA,"FALSE",18,"Latvian",5,"c",0
"2",2,"International","L","2025-10-06_18h09.29.817",29.349,93.049,23.933,0.908052231,0.616974973,271.371,12.966,0,"MacIntel",0.001,NA,NA,NA,NA,"I considered the total number of times the question was asked, and given that the NZ-6 system failed to stop the machine on several occasions, albeit not frequently, I concluded that it cannot be regarded as efficient in its current form. It is not flawless.",NA,NA,68.365,88,18.866,100,97.816,0,NA,NA,NA,NA,"FALSE",18,"Italian",12,"c",0
"3",3,"International","A","2025-10-13_10h53.55.933",11.492,70.356,25.025,0.705924855,0.63367052,269.811,4.063,0,"MacIntel",0.001,NA,NA,NA,NA,NA,NA,"I considered whether the yellowpops changed colour every times they had eaten fluffberry, even though the majority of the time they did, this does not necessarily mean that they changed colour because of the fluffberry.",20.332,4,80.342,50,12.313,44,NA,NA,NA,NA,"FALSE",19,"Greek",2,"d",1
"4",4,"International","M","2025-10-06_18h37.17.141",25.566,95.331,27.764,0.898611111,0.259722222,261.083,3.533,1,"MacIntel",12.832,7,NA,"I considered approximately the amount of patients that took the medication and compared it to how many of them actually overcame the crisis and how many didn't; then I tried to compare this value with the relation between the number of people who didn't take the medication and the results of doing so",NA,NA,NA,NA,24.831,84,15.4,90,17.432,41,NA,NA,NA,NA,"FALSE",19,"Italian ",6,"d",0
"5",5,"International","L","2025-10-12_00h13.40.020",44.767,423.326,50.9,0.772222222,0.5125,323.536,9.883,1,"MacIntel",23.216,8,NA,NA,NA,"I made my conclusions based on questions, where I needed to tell, was Laminatorix stopped or was not. I looked on situations, when NZ-6 was activated and Laminatorix didn't stopped or stopped. I noticed only once or twice situations, when NZ-6 was activated but Laminatorix didn't stopped. Which means, when NZ-6 is activated Laminatorix stopes in most cases. Then I compared it to times, when NZ-6 was NOT activated and Laminatorix didn't stopped or stopped, and the ratio was close to 50/50. It means, when NZ-6 is activated, Laminatorix stopes more often, than when it is not activated.",NA,NA,80.95,75,32.482,98,13.183,65,NA,NA,NA,NA,"FALSE",20,"Russian, kazakh",8,"c",0
"6",7,"International","M","2025-10-10_10h55.39.262",22.8804,45.1995,38.3826,0.706761792,0.551422955,284.3554,5.3488,1,"Linux x86_64",11.9999,8,NA,"I considered the number of times I saw a patient take Batatrim and consequently overcame the disease, and then compared that number to the number of times I saw a patient take Batatrim and not overcome the disease. ",NA,NA,NA,NA,27.0994,80,26.7998,90,23.7994,5,NA,NA,NA,NA,"FALSE",19,"English, Italian",0,"c",0
"7",8,"International","L","2025-10-07_22h50.40.336",6.916,267.195,39.69,0.547468354,0.543512658,276.163,5.361,1,"MacIntel",9.045,7,NA,NA,NA,"As per my observation… it stopped most of the time and lever was although effective. It stopped 3 out of 4 times when lever is on.",NA,NA,76.053,75,17.836,75,12.057,29,NA,NA,NA,NA,"M",19,"Sindhi & Urdu",3,"a",1
"8",9,"International","A","2025-10-08_09h12.58.478",12.9991,64.4503,14.6004,0.557042101,0.596468099,314.7936,2.9816,0,"MacIntel",0.001,NA,NA,NA,NA,NA,NA,"I answered that Fluffberry was not effective in changing of the colour of the yellow creature because at times even if the creature was eating the fluffberry the yellow creature didn't necessarily change the color . ",31.1995,0,34.8164,60,30.9661,40,NA,NA,NA,NA,"M",23,"Nepali, English",2,"b",0
"9",10,"International","M","2025-10-14_14h04.36.172",39.7988,126.1657,43.466,0.643333659,0.201160186,303.862,19.8822,0,"MacIntel",8e-04,NA,NA,"I didn't consider each thoroughly, but from what i can recall, the amount of patients that survived even without batatrim were plenty (which is a normal scenario); on the other hand I felt as though the amount of patients in which batatrim was effective was around 50/50, therefore the evidence wouldn't be sufficient to consider it effective. 

Although i didnt count them all, so maybe there was some priming effect as i recall the first ones more vividly. In terms of reasoning, I also thought that maybe, like in other diseases a lot of people survive it without interventions, which doesn't translate into an ineffectiveness of the batatrim treatment, and then there were almost the same amount of patients that survived on Batatrim and that did not. This last thing, can be justified by the fact that maybe the ones that took Batatrim were the ones in worst condition, therefore if there's a 60/40 chance, it might have been effective, just not on all the subjects (given the severity too). So in doubt, I thought that it would be better to not confirm its efficacy (though it also makes me wonder, because maybe that decision if its indeed effective would be a fatal error, but  in that case scenario I would actually keep track of everything and base in maths, decide). 
",NA,NA,NA,NA,39.3652,83,31.216,81,38.5148,85,NA,NA,NA,NA,"FALSE",20,"spanish",3,"c",0
"10",11,"International","L","2025-10-12_22h37.27.690",71.971,239.1,80.838,0.894444444,0.506944444,355.862,46.02,1,"MacIntel",25.702,4,NA,NA,NA,"I thought that most of the times the NZ-6 was used the system stopped. ",NA,NA,50.87,45,39.403,97,40.769,2,NA,NA,NA,NA,"FALSE",20,"Italian, Srilankan",6,"a",1
"11",12,"International","A","2025-10-06_18h13.25.148",32.554,42.559,35.922,0.148522976,0.524617068,201.212,5.557,1,"MacIntel",6.458,5,NA,NA,NA,NA,NA,"It may have been effective or not, I actually don’t have enough info, because sometimes it did affect the change in color and sometimes it did not, but I can’t be sure the change is only due to one factor (fluffberry) or many others ",14.664,15,21.112,50,13.156,50,NA,NA,NA,NA,"FALSE",18,"Italian",6,"a",1
"12",13,"International","M","2025-10-06_18h36.39.362",23.6662,108.6532,40.5341,0.557714419,0.565525394,334.2327,2.5994,0,"Win32",0.0013,NA,NA,"I think this medicine is not effective since the results it produces are not predictable and also since many patients recovered without taking it",NA,NA,NA,NA,21.3163,70,18.7166,90,19.9171,20,NA,NA,NA,NA,"FALSE",18,"Italian",6,"a",1
"13",14,"International","L","2025-10-08_14h37.28.010",85.4735,112.3036,46.3382,0.764557266,0.497290516,638.9352,5.9687,0,"MacIntel",8e-04,NA,NA,NA,NA,"I chose to say that it's not effective because I focused a lot in giving each answer (yes or no) during the observation test about the machine and a few times the result didn't match what I expected from the NZ-6 system. ",NA,NA,56.227,85,36.583,100,51.6904,99,NA,NA,NA,NA,"FALSE",19,"italian",6,"b",1
"14",15,"International","M","2025-10-07_11h10.20.243",41.021,63.456,21.385,0.394817073,0.658536585,240.732,2.597,1,"MacIntel",9.46,6,NA,"I thought about if I felt that patients that took Batatrim were more likely to overcome the crisis so if the amount of those was higher than the amount of patients that didn't take it and overcame/not overcame",NA,NA,NA,NA,28.147,80,21.651,80,20.552,50,NA,NA,NA,NA,"FALSE",19,"german, chinese",8,"b",1
"15",16,"International","L","2025-10-07_17h24.31.286",20.3272,63.8164,30.5735,0.448464012,0.777459717,316.9459,11.6286,1,"Linux armv81",10.6618,6,NA,NA,NA,"When the lever is activated more offen it stop it. The problem is that even if it’s not activate it stop it",NA,NA,13.6115,56,14.3819,71,7.6628,94,NA,NA,NA,NA,"FALSE",20,"Français ",12,"a",0
"16",17,"International","A","2025-10-07_14h15.18.225",63.2263,93.9173,34.1871,0.679398219,0.883101887,434.1377,13.7777,0,"Win32",0.001,NA,NA,NA,NA,NA,NA,"I could not find a connection between the color changing and eating the Fluffberry, which would be correct in all cases.",47.477,5,45.818,95,39.0359,95,NA,NA,NA,NA,"FALSE",20,"Hungarian",13,"c",1
"17",18,"International","M","2025-10-12_21h18.53.374",30.5038,115.7638,21.1298,0.986111111,0.619212998,317.3522,4.6108,1,"Win32",23.9731,7,NA,"the majority of cases where the patient took batatrim seemed to have overcome the crisis where as not so many patients overcame the crisis when they didnt receive the batatrim",NA,NA,NA,NA,18.8817,86,17.4997,90,34.6996,44,NA,NA,NA,NA,"M",21,"english",0,"a",1
"18",19,"International","L","2025-10-06_17h46.46.604",40.7647,78.7661,35.285,0.540625,0.319791698,265.051,6.4984,1,"Win32",10.9133,7,NA,NA,NA,"I consider the variability of the proportion was effective against wasn´t. I mean the times it has been right and the times they have not, and more or less do an estimation",NA,NA,18.7154,71,21.6315,57,33.0979,26,NA,NA,NA,NA,"FALSE",21,"Spanish",13,"d",1
"19",20,"International","A","2025-10-07_23h23.47.120",18.4498,43.3578,15.3459,0.660368097,0.80515253,319.4397,4.3495,1,"MacIntel",16.299,4,NA,NA,NA,NA,NA,"It seemed like there wasnt any correlation between the fluffberry and the yellowpops since the color changing didnt depend on the factor of consuming fluffberry but there were also times where it was effective ",26.7245,43,12.0246,65,13.358,0,NA,NA,NA,NA,"FALSE",18,"Turkish",7,"a",1
"20",21,"International","M","2025-10-06_14h01.07.601",23.7998,59.7658,44.0315,0.643518536,0.574074092,232.7503,13.2329,1,"Win32",10.8977,3,NA,"I got the feeling that the proportion of survivance was bigger when the patients had taken Batatrim. That being said, even when they didn't take it the survivance rate was pretty high and there were still a few deaths with the treatment, so I rated it as not that effective.",NA,NA,NA,NA,14.3988,85,23.5311,97,13.5657,63,NA,NA,NA,NA,"FALSE",20,"portuguese",10,"a",1
"21",22,"International","L","2025-10-06_18h15.03.593",5.4661,87.9338,28.2835,0.883300781,0.387695313,720.5096,13.5316,1,"Win32",28.1316,7,NA,NA,NA,"Most of the replies to my questions were: the Machine has stopped. this makes me think that it was quite effect",NA,NA,7.9156,56,53.5507,3,18.5664,3,NA,NA,NA,NA,"FALSE",23,"Italian",12,"c",0
"22",23,"International","A","2025-10-06_19h54.45.880",28.499,92.615,41.0823,0.686277496,1,356.829,6.3326,1,"MacIntel",9.1664,6,NA,NA,NA,NA,NA,"I looked at the records to see if the yellowpops who ate the Fluffberry changed color more often than those who didn't. I f the color change happened mostly after eating the Fluffberry , I considered that as evidence that the fruit might be effective. It means that my reasoning is based on comparing thses 2 situations.",14.3826,0,46.3493,51,11.8151,45,NA,NA,NA,NA,"FALSE",24,"Persian",6,"c",1
"23",24,"International","M","2025-10-10_15h16.48.728",37.7606,64.6319,51.8658,0.756944497,0.497685221,219.1424,5.3017,1,"Win32",9.9522,8,NA,"Having selected the answers randomly, i noted that statistically the patients who got the Batatrim were able to overcome the crisis, even though some of the ones that hasn't taken it still managed to heal from the desease",NA,NA,NA,NA,17.6317,65,20.4076,90,23.9623,40,NA,NA,NA,NA,"M",19,"Italian",11,"a",1
"24",25,"International","L","2025-10-07_17h47.15.192",58.4648,144.0463,58.9649,0.780092646,0.611111093,300.9194,9.9243,0,"Win32",0.0026,NA,NA,NA,NA,"To answer the question in the previous slide I tried to apply an observation method, the majority of the times th Laminatorix did stop but very often it wasn't because of the NZ-6 manual activation. I belive the NZ-6 system isn't effective because sometimes the industries did activate the manual system to block the Laminatorix machine but it still didn't sop, beside that there were times where the manual system was used and the machine still didn't stop effectively. In conclusion using the observation method in my opinion the NZ-6 system is still to revise.",NA,NA,49.578,75,28.0838,81,23.2688,35,NA,NA,NA,NA,"FALSE",19,"Italian",2,"c",0
"25",26,"International","A","2025-10-06_22h20.55.385",45.549,317.666,45.1158,1,0.499368419,355.71,6.1161,0,"MacIntel",0.0014,NA,NA,NA,NA,NA,NA,"The Yellopops changed colors regardless of eating the Fluffberry. In the first place, they changed colors even if they did not eat the fluffberries. However, in many observations they did change color after eating the Fluffberries but because they did not change colors in many observations after eating the fluffberries makes it clear that the change of colors was not because of eating the Fluffberries otherwise they had to change color in every time they eat the Fluffberries.",68.0327,65,51.1323,60,21.6826,64,NA,NA,NA,NA,"FALSE",24,"Persian",12,"a",0
"26",27,"International","L","2025-10-07_17h16.19.688",86.1969,212.722,42.9218,0.795138889,0.675925926,298.1397,4.5343,0,"Win32",9e-04,NA,NA,NA,NA,"The NZ-6 system is not fail-safe. Given that the premise informed me that, in case of overload, the machine needed a manual safety system (that is NZ-6 system), i followed the instructions provided by the companies that had dealt with the machine. Over the course of the observation, the NZ-6 system was proven flawed multiple times, to such a degree that it could have worked or not 50/50.",NA,NA,43.0295,80,14.9319,95,30.4097,0,NA,NA,NA,NA,"FALSE",19,"Italian",6,"a",1
"27",28,"International","A","2025-10-07_15h50.54.407",29.43,116.02,51.3772,0.407407407,0.511574074,298.1436,3.7322,0,"Win32",0.0015,NA,NA,NA,NA,NA,NA,"I considered the fact that in both cases Yellowpops that changed colour were more than yellowpops that remained yellow. So even when they didn't eat the fruit, they had a greater probability of changing colour ",36.7068,0,311.1833,60,67.242,50,NA,NA,NA,NA,"FALSE",19,"Italian",6,"a",0
"28",29,"International","M","2025-10-06_19h42.02.289",9.7532,57.7982,26.6822,0.1484375,0.418402831,243.4295,5.0659,1,"Win32",13.1996,7,NA,"The reasoning I followed was that sometimes the pacients got cured without the Batatrim and some others were not cured even though they had taken Batatrim so it is not reliable that this medicament will cure every pacient with that type of syndrome.",NA,NA,NA,NA,27.5773,84,16.5196,80,17.2846,36,NA,NA,NA,NA,"FALSE",20,"Spanish",8,"a",1
"29",30,"International","M","2025-10-06_19h12.15.829",17.3405,41.2045,26.1122,0.739583386,0.696759259,226.897,8.1776,1,"Win32",9.8567,5,NA,"On many ocations  patients who had not taken Batatrim had overcome the crises while in some cases those who has taken did not in fact overcome the crises. To suggest that Batatrim is effective is questionable when compared to those who had recovered without having took it.",NA,NA,NA,NA,20.3668,80,12.283,90,24.0012,80,NA,NA,NA,NA,"M",21,"English",0,"c",0
"30",31,"International","L","2025-10-06_19h13.35.508",46.585,84.473,42.427,0.5125,0.543055556,351.749,12.866,1,"MacIntel",12.682,6,NA,NA,NA,"I read every time and then follow a pattern ",NA,NA,21.117,31,15.265,94,24.533,5,NA,NA,NA,NA,"FALSE",22,"spanish ",7,"c",0
"31",32,"International","A","2025-10-07_13h45.06.251",54.567,71.267,50.783,0.104166667,0.538888889,210.494,5.949,0,"MacIntel",0.001,NA,NA,NA,NA,NA,NA,"I noticed that there was a higher probability for the yellow pop to change color than not to change color in both cases: when it ate the fruit and also when it didn't. Therefore I thought that eating the fruit probably wasn't the cause of the change of color.",27.532,10,37.999,98,46.15,2,NA,NA,NA,NA,"FALSE",19,"Italian",5,"a",0
"32",33,"International","M","2025-10-06_21h48.05.320",33.5889,49.3006,29.1033,0.784375032,0.286458333,323.5844,8.7668,0,"Win32",0.0014,NA,NA,"Although I didn't write it down, there were clearly more cases of having not taken Batatrim than those who had, and so it felt as if the survival rate was higher for those who hadn't taken it. This might be a bias, however it simply felt as if Batatrim wasn't particularly effective given I had higher intuition to click no for those who had taken it, and to click yes for those who hadn't. Overall I guess my mind created an unknown survival rate for both cases, which would be translated into the percentages of yes and no's for both cases.",NA,NA,NA,NA,23.1158,94,43.551,85,30.738,75,NA,NA,NA,NA,"FALSE",18,"Romanian",4,"c",1
"33",34,"International","L","2025-10-08_13h10.41.223",60.6695,143.411,54.7003,0.621533203,0.44132487,412.5886,11.0028,1,"MacIntel",25.668,7,NA,NA,NA,"I noticed that in most cases, as far as I remember, when the lever was activated, the machine stopped. I tried to use the same logic to answer the questions, and when the machine did not stop (even though the lever was activated) I was surprised. ",NA,NA,45.1374,85,25.1499,97,88.4386,15,NA,NA,NA,NA,"FALSE",19,"Italian",6,"d",0
"34",35,"International","A","2025-10-06_22h17.24.633",15.0163,72.3169,15.0813,0.604166667,0.670833349,213.3163,8.6162,1,"Win32",5.7164,4,NA,NA,NA,NA,NA,"The fluffberry even when not consumed led to changing of color, which proves there might be another factor in the yellowpops' changing color, however, there were times it was consumed and yet the color did not change. There must be an underlying reason for the working or not working of the fluffberry, IF the fluffberry is the reason behind the color change. It could be something else like an environmental factor or perhaps something in their genetics that only a certain percentage of yellowpops carry and is triggered by fluffberry perhaps?",18.4319,1,13.1829,15,7.8669,26,NA,NA,NA,NA,"FALSE",22,"Hindi ",1,"a",0
"35",36,"International","M","2025-10-07_17h02.49.011",37.0101,89.2084,29.0584,0.623842663,0.826388889,287.0616,42.7133,1,"Win32",9.0585,7,NA,"In most of the cases where the patient did take the medicine they survived the crisis.",NA,NA,NA,NA,13.6379,88,13.9874,83,22.6698,48,NA,NA,NA,NA,"FALSE",20,"Lithuanian",8,"a",1
"36",37,"International","A","2025-10-07_14h28.13.891",24.583,44.835,32.651,0.591435203,0.702546296,241.555,7.134,0,"Win32",0.001,NA,NA,NA,NA,NA,NA,"I considered first if not eating the fluffberry would mean the Yellowpops wouldn't change colour, as soon as it turned out to be false, I searched for some kind of pattern. At the end, although I did not keep count, I think around there's a good chunk of the observations where the Yellowpops did eat the berry but did not change colour, which makes it not very effective in aiding the change of colour. Now that I'm writing the reasoning I think I should've kept count to see if the number of those that changed colour differs greatly between those who ate the berry and those who didn't  ",45.419,40,21.083,76,50.068,23,NA,NA,NA,NA,"FALSE",20,"Chinese, Italian",7,"a",1
"37",38,"International","M","2025-10-07_15h24.30.932",7.1952,41.4711,32.4127,0.699074127,0.336805573,256.2642,4.0271,1,"Win32",11.6402,7,NA,"I considered the proportion of individuals that took Beltramin and cured from the disease and the proportion of individuals that cured without Beltramin. ",NA,NA,NA,NA,21.5512,90,15.4968,70,34.9691,15,NA,NA,NA,NA,"FALSE",19,"Romanian",4,"d",0
"38",39,"International","L","2025-10-11_16h54.17.210",36.3533,228.0719,75.6571,0.408564885,0.635416667,283.2315,12.8941,1,"Win32",32.9883,7,NA,NA,NA,"How many times the system was effective and haw many it was not even if it was activated ",NA,NA,57.7131,40,38.1197,100,18.6922,0,NA,NA,NA,NA,"FALSE",19,"Spanish",5,"c",0
"39",40,"International","A","2025-10-10_12h00.19.443",8.065,83.532,23.565,0.621875,0.61875,337.752,19.433,1,"MacIntel",11.632,7,NA,NA,NA,NA,NA,"I think eating fluffberry was effective to change color",14.932,31,11.433,5,31.732,47,NA,NA,NA,NA,"FALSE",19,"Mongolian",13,"c",0
"40",41,"International","M","2025-10-12_16h55.55.267",20.3132,41.4227,39.765,0.441010328,0.544034614,292.2925,3.4163,1,"Win32",20.4248,6,NA,"How many times I saw that Batatrim was effective when taken compared to how many times I saw that not taking it did not make any difference and to the cases when Batatrim was taken and the patient still had a crisis. ",NA,NA,NA,NA,18.5401,80,12.9409,80,19.3786,10,NA,NA,NA,NA,"FALSE",22,"Portuguese",12,"a",1
"41",42,"International","L","2025-10-13_23h58.49.599",19.966,78.599,29.166,0.694504897,0.596572361,271.287,6.899,1,"MacIntel",41.367,7,NA,NA,NA,"I am afraid I didn't read the story carefully enough, as I don't understand how it is possible for the machine to stop if the NZ-6 isn't activated. Therefore, to answer this quesiton, I just didn't consider the questions that said ""the NZ-6 was NOT activated"". I didn't pay much attention to the feedback provided, but the green ticks and red crosses captured my attention. It seems to me that more than half of the times that the NZ-6 was activated it successfully managed to stop the machine (I was unsure wether to put 6 or 7), and this is the data I based by decision on. But, again, my decision is not very informed/confident, as I couldn't grasp the reason why the machine was stopping in the case of not activation of the system.  ",NA,NA,34.465,88,23.298,88,20.502,0,NA,NA,NA,NA,"FALSE",21,"Italian",3,"c",0
"42",43,"International","A","2025-10-07_22h21.33.348",36.0448,93.6539,34.9452,0.862268554,0.689814885,285.8112,5.1822,0,"Win32",0.0014,NA,NA,NA,NA,NA,NA,"Yellowpops change independently their colour because whenever appears to me the text ""Y. has not changed"" was either when they ate Fluffberry or when they were not. ",26.6291,20,36.4448,70,31.6618,50,NA,NA,NA,NA,"M",19,"Italian",6,"c",1
"43",44,"International","L","2025-10-10_22h40.11.802",28.4839,52.6048,25.819,0.202546296,0.396990741,265.8966,4.8084,0,"Win32",0.0017,NA,NA,NA,NA,"I found the NZ-6 system ineffective due to it's inconsistency. Moreover at some point i couldn't trace whether it was NZ-6 system in fact that was bringing machine to a stop.",NA,NA,29.2976,61,51.2088,67,12.0799,55,NA,NA,NA,NA,"FALSE",19,"Ukrainian, russian",14,"b",1
"44",45,"International","A","2025-10-09_10h35.45.985",11.366,49.015,14.931,0.230978261,0.724184783,208.116,3.265,0,"MacIntel",0.001,NA,NA,NA,NA,NA,NA,"According to the observations, whether they ate the fruit or not could make change color or not. So, this doesn't allow us to affirm that there is a direct effect of the fruit. I think there is another factor that allows them to change color. ",13.314,32,8.465,32,7.065,67,NA,NA,NA,NA,"FALSE",20,"French",6,"c",0
"45",46,"International","L","2025-10-09_12h36.39.145",10.2067,46.4701,15.8744,0.663076019,0.467890549,210.57,3.2837,0,"MacIntel",7e-04,NA,NA,NA,NA,"It felt like the machine would tend to stop regardless of it being activated or not. There was no apparent logical causality between the lever activation and the machine stopping. The machine tended to stop more often rather than not regardless of the lever",NA,NA,11.2556,75,11.7523,96,18.7267,3,NA,NA,NA,NA,"M",25,"Romanian",7,"c",0
"46",47,"International","A","2025-10-09_19h20.59.096",17.1312,38.9311,34.2312,0.787740899,0.831459699,222.8507,3.571,0,"Win32",0.0012,NA,NA,NA,NA,NA,NA,"The tendency of the Yellowpops to change color does not seem to be dependent from whether they have eaten Fluffberry or not. I have not been able to establish a pattern that would indicate otherwise.",16.2575,4,10.8764,80,16.2986,25,NA,NA,NA,NA,"FALSE",18,"Russian ",3,"c",0
"47",48,"International","M","2025-10-13_19h18.40.074",26.0105,54.3965,47.0221,0.643563396,0.571770256,274.0744,4.7004,1,"Linux x86_64",24.0092,8,NA,"A good number of patients have overcome the crisis without taking Batatrim, however, some of them have not overcome the crisis. Almost all of the patients who took Batatrim overcame the crisis, so in some cases it can be effective.",NA,NA,NA,NA,22.8441,95,22.628,80,19.4988,30,NA,NA,NA,NA,"FALSE",20,"Italian",4,"c",0
"48",49,"International","L","2025-10-11_17h31.38.670",27.643,100.355,32.799,0.654494382,0.601825843,283.071,27.511,1,"Win32",49.355,3,NA,NA,NA,"I count the times that the NZ - 6 were ""effective"" and it shows that it is pretty effective, with only 3 or 4 times that it didn't work. But at the same time, there were only about 5 times that not pulling the NZ-6 result in the machine continues to work, thus, it's reasonable to assume that some other factors may have affect the statistic. It is true that the NZ - 6 may have been effective but the effect is too small for me to give it a higher rating. ",NA,NA,49.786,75,32.054,92,35.243,50,NA,NA,NA,NA,"M",18,"Vietnamese",6,"a",1
"49",50,"International","A","2025-10-12_18h07.26.056",23.481,38.097,24.031,0.63601741,0.584330794,221.985,3.581,0,"MacIntel",0,NA,NA,NA,NA,NA,NA,"Sometimes the yellowpops did not eat the fluffberry and still changed colors while sometimes they ate the fluffberry and didn't change colors.",30.716,10,23.251,80,37.798,0,NA,NA,NA,NA,"FALSE",18,"Portuguese",3,"c",0
"50",51,"International","M","2025-10-09_22h40.04.440",28.6957,87.6773,29.7288,0.350694444,0.501157443,216.772,8.9646,1,"Win32",11.4812,7,NA,"To decided whether Batatrim was effective or not, I tried to remember roughly how many patients recovered from both groups (group 1 who has taken the medicine, and group 2 who hasn't). From what I remember there were more people that survived the crisis in the first group, so Batatrim has to be effective, even if not in every case.",NA,NA,NA,NA,44.5433,62,14.488,70,26.1808,40,NA,NA,NA,NA,"FALSE",19,"Italian",6,"c",1
"51",52,"International","L","2025-10-13_19h51.57.833",31.378,110.062,45.293,0.744140625,0.493896484,262.534,49.32,0,"MacIntel",0.001,NA,NA,NA,NA,"By looking at the information provided by different companies I think I can say that the machine stopped  around the same amount of times in the two different situations (when the NZ-6 was active and when in wasn’t). ",NA,NA,24.15,50,23.674,50,9.733,50,NA,NA,NA,NA,"FALSE",18,"Italian",15,"c",0
"52",53,"International","A","2025-10-14_13h06.16.299",47.1437,199.0919,51.7932,0.582175908,0.71527776,440.1004,9.3134,0,"Win32",0.0013,NA,NA,NA,NA,NA,NA,"At first, I tried to considered whether the Yellowpops who did not eat the Fluffberry changed color or not, and whether those who ate it didn't change color. I couldn't actually understand which was the criterion behind the change, and, therefore, I started writing down whether the Yellowpop ate the berry or not, and if it changed color or not, and tried to find a logical pattern behind, but it was too late and couldn't observe enough. Therefore, I went back to the first method, and I simply said that, since not all of those who ate it changed color, and some of those who didn't eat it changed color, maybe there is no direct effectiveness of the Fluffberry",87.9368,20,151.6632,83,66.49,0,NA,NA,NA,NA,"M",22,"Italian",6,"a",1
"53",54,"International","M","2025-10-10_08h38.44.986",42.811,129.651,59.415,0.767656951,0.385089686,347.178,11.174,1,"iPad",36.64,6,NA,"A lot of the patients that used Batatrim were able to overcome the crisis, not all of them, but I would say the majority (in the sense of at least 50+1) of them. The fact that some of the patients (I want to say around half of them?) who didn’t take Batatrim overcame the crisis didn’t affect my scoring because they could’ve been lucky or they could’ve been given other treatments. ",NA,NA,NA,NA,56.229,90,66.31,85,41.888,15,NA,NA,NA,NA,"FALSE",19,"Italian",5,"b",1
"54",55,"International","L","2025-10-09_21h58.34.799",27.7508,95.717,36.1152,0.622222222,0.427777778,213.827,3.6482,0,"Win32",5e-04,NA,NA,NA,NA,"Pulling the NZ-6 lever was not being sure that the system was stopped, while sometimes not activating it stopped it for some reason.",NA,NA,41.6921,83,34.1289,95,23.9734,3,NA,NA,NA,NA,"FALSE",18,"Polish",5,"c",0
"55",56,"International","A","2025-10-09_22h06.26.857",23.9499,59.2116,35.8076,0.374384816,0.496017117,310.913,7.6435,0,"MacIntel",0.0014,NA,NA,NA,NA,NA,NA,"Even though after eating the fluffberry some yellowpop did change color, not all of them did. In addition, some had not eated the fluffberry and still changed color, therefore I do not think the changing of color is affected by the fluffberry
",23.4192,3,33.0772,74,19.1364,26,NA,NA,NA,NA,"FALSE",20,"Portuguese",11,"a",1
"56",58,"International","L","2025-10-10_16h35.10.859",28.399,75.933,26.382,0.768147346,0.577193933,219.897,22.015,0,"MacIntel",0.001,NA,NA,NA,NA,"It's still an experimental system, so it can work or fail unpredictably regardless of whether it's been activated or not. That's why I don't ",NA,NA,52.649,44,30.515,100,16.582,0,NA,NA,NA,NA,"FALSE",19,"Turkish",8,"a",1
"57",59,"International","A","2025-10-10_17h42.23.268",29.9902,167.3372,27.581,0.388888907,0.619212998,329.125,4.8123,0,"Win32",7e-04,NA,NA,NA,NA,NA,NA,"Because yellowpop was already something that could change color before. I don't think that Fluffberry effective with yellowpop.",29.074,50,43.4505,40,21.464,78,NA,NA,NA,NA,"FALSE",21,"Turkish",11,"c",1
"58",60,"International","M","2025-10-10_22h50.01.871",56.4746,88.3029,37.5099,0.763541698,0.428124984,288.042,3.4406,1,"Win32",8.215,7,NA,"I think that the number of patients who did not overcome the illness after taking the medicine was less than number of those who did overcome. Although among patients who didnt take Batatrim the majority overcame it too, I feel like if I had been diagnosed with serious illness, I would prefer to take the risk and take medicine that is still being tested, rather than doing nothing to fight the problem. In case i do take the drug and still die, I will at least know that I have tried something. Besides, as I stated earlier, I feel like the majority of those who took Batatrim got well.",NA,NA,NA,NA,27.7786,65,19.8299,80,19.6964,40,NA,NA,NA,NA,"FALSE",19,"Kyrgyz, Russian",10,"c",0
"59",61,"International","A","2025-10-11_14h36.39.768",7.762,58.044,34.759,0.794444444,0.658333333,238.773,12.399,1,"MacIntel",42.063,7,NA,NA,NA,NA,NA,"Almost in every case which the Flufberry was eaten, the color has changed but when the flufberry was not eaten, the color changes were not that many. So we can say that when the Flufberry was eaten the amount of changing the color was more. ",18.136,6,27.249,74,24.851,61,NA,NA,NA,NA,"FALSE",20,"Turkish",4,"c",0
"60",62,"International","M","2025-10-18_14h10.12.109",365.033,225.0798,218.2722,0.810185221,0.462962998,349.2307,10.2693,0,"Win32",0.0017,NA,NA,"I saw many patients who were not helped by Batatrim, so I in my opinian it is not very helpfull for some patients yet, so it need to be finalized",NA,NA,NA,NA,31.1534,70,23.2421,90,24.517,40,NA,NA,NA,NA,"FALSE",18,"Russian ",12,"a",0
"61",63,"International","A","2025-10-12_14h52.48.701",155837.6313,67.1679,46.3452,0.888888889,0.826388889,389.3246,5.9519,0,"Win32",0.0015,NA,NA,NA,NA,NA,NA,"Number of Fluffberries that have not changed the color",11.986,47,9.5354,36,16.6705,24,NA,NA,NA,NA,"M",20,"Russian, Kazakh",7,"c",1
"62",64,"International","M","2025-10-12_16h55.58.213",44.932,155.634,36.416,0.702777778,0.308333333,249.94,4.066,0,"MacIntel",0.001,NA,NA,"Batatrim was not given to some of the patients who were able to overcome the crisis. Some of the patients who were cured with Batatrim could overcome the crises but not all of them. I think the number of patients who were cured without the use of Batatrim is higher than the number of patients who overcame the crises thanks to Batatrim. Moreover, Batatrim was not effective to all patients.",NA,NA,NA,NA,21.032,88,37.482,75,13.315,35,NA,NA,NA,NA,"FALSE",20,"Italian, Spanish",16,"a",1
"63",65,"International","L","2025-10-12_19h42.41.753",52.249,1127.786,57.282,1,0.290086674,570.03,5.199,1,"MacIntel",22.865,8,NA,NA,NA,"Frequency of possible result",NA,NA,43.766,70,48.832,49,12.015,50,NA,NA,NA,NA,"FALSE",23,"Russian",8,"b",1
"64",66,"International","A","2025-10-13_11h47.40.803",20.6547,43.3874,26.6955,0.708333333,0.667824109,291.245,5.6134,1,"Win32",9.9415,7,NA,NA,NA,NA,NA,"the majority of the time the yellowpop's colour did change, but there was times when it didn't. that's why i did 7. ",35.0921,0,17.8161,70,17.7396,25,NA,NA,NA,NA,"M",20,"english ",0,"c",1
"65",67,"International","M","2025-10-19_14h04.20.800",7.7307,76.5981,24.9227,0.508101905,0.738425908,240.8348,10.728,1,"Win32",11.3107,5,NA,"That people who take Batatrim get better, but not everyone. And people who don´t take it they get better or no. So maybe the point is not in the Batatrim, is not usefull, we cannot say that it works always. It´s not secure.",NA,NA,NA,NA,13.866,70,12.2639,64,12.5524,59,NA,NA,NA,NA,"FALSE",20,"Spanish",7,"a",1
"66",68,"International","L","2025-10-20_01h11.46.519",11.1064,68.8724,31.9648,0.614583351,0.712962981,217.7389,2.9502,0,"Win32",9e-04,NA,NA,NA,NA,"IT is not effective since when it is not activated it still stops the system most of the time",NA,NA,21.3665,86,21.4731,76,15.306,0,NA,NA,NA,NA,"M",24,"Turksih",10,"c",0
"67",69,"International","A","2025-10-13_17h10.36.001",16.1487,48.1503,28.2699,0.617361111,0.273611111,214.092,3.0338,0,"Win32",6e-04,NA,NA,NA,NA,NA,NA,"I considered how many times the results didn't match the hypothesis and roughly estimated how the results would be if there was no corelation between having eaten the berry or not. In my opinion, the results matched the random distribution more than the hypothesised one, so I decided to reply ""no"".",14.2214,11,21.3334,76,15.0991,20,NA,NA,NA,NA,"FALSE",18,"Polish",2,"a",1
"68",71,"International","L","2025-10-14_17h56.24.019",26.8572,134.822,38.3411,0.710286458,0.509114583,212.9718,9.7475,1,"Win32",10.4992,6,NA,NA,NA,"I always assumed the NZ-6 system would be effective in stopping the Laminatronix and that not pulling the NZ-6 lever would have prevented the Laminatronix from stopping. I didn't keep track of the result of each report (ie of whether my assumption was right or wrong), but I had the feeling I was right more than half of the times.",NA,NA,35.8025,80,19.8975,100,32.6969,15,NA,NA,NA,NA,"M",36,"Italian",11,"a",1
"69",72,"International","M","2025-10-16_12h36.24.598",60.898,80.263,45.764,0.294836957,0.497282609,253.62,7.365,0,"MacIntel",0.001,NA,NA,"there wasn't any particular difference between the patiences who have taken batatrim or not. even though they didn't take the medicine some patiences overcome the crisis and some of the ones who have taken medicine haven't  ",NA,NA,NA,NA,17.831,82,9.033,84,10.365,42,NA,NA,NA,NA,"FALSE",18,"Turkish ",6,"c",0
"70",73,"International","L","2025-10-17_01h12.10.487",38.155,89.4692,79.0687,0.594324638,0.426077306,295.968,36.5269,1,"Linux armv81",10.6787,7,NA,NA,NA,"I tried to add up the Informations  in my head (whenever they pulled a lever) and to do a proportion of the times It worked and not.",NA,NA,36.6015,95,27.1213,95,138.3534,0,NA,NA,NA,NA,"M",20,"Italy",10,"c",0
"71",74,"Italian","M","2025-10-06_21h50.11.870",36.3161,96.2731,48.6436,0.24652776,1,366.1715,5.6298,0,"Win32",5e-04,NA,"Il Batatrim è un farmaco ancora in via di sperimentazione, dunque non si può ancora affermare che sia efficace o meno. Per capirlo servirebbero ulteriori analisi e ricerche nell'ambito medico, prendendo in considerazione un ampia gamma di variabili. Ad esempio bisognerebbe capire se chi ha preso il Batratim e ne ha tratto beneficio, abbia veramente beneficiato dei principi del suddetto farmaco o se, al contrario, entrino in gioco altre variabili (ad esempio l'effetto placebo).",NA,NA,NA,NA,NA,38.6983,90,60.9554,80,88.9922,7,"FALSE",22,"italiano",0,NA,NA,NA,NA,"b",0
"72",75,"Italian","L","2025-10-10_14h30.05.679",38.7646,53.1488,23.9491,0.5908235,0.280353135,193.1152,2.8994,0,"MacIntel",9e-04,NA,NA,NA,"Statisticamente, era altamente probabile che in ciascuno dei due casi (leva attivata o non attivata) il Laminatorix si fermasse ugualmente. Dunque, il fatto che si fermi non sembra essere associato al funzionamento del sistema NZ-6",NA,NA,NA,20.0659,85,13.4326,99,16.3659,0,"M",22,"Italiano",0,NA,NA,NA,NA,"a",1
"73",76,"Italian","A","2025-10-06_13h23.24.404",17.3828,111.2014,20.966,0.546296296,0.606481534,228.862,2.9995,0,"Win32",9e-04,NA,NA,NA,NA,NA,"Ho considerato i dati osservazionali forniti (se ha mangiato o meno il frutto e se si è verificato il frutto). In proporzione spannometrica, mi è parso che il cambiamento di colore si verificasse a prescindere dal consumo del frutto, ossia c'erano molti casi in cui il cambiamento di colore avveniva senza aver mangiato il frutto e, inoltre, non tutti gli individui che hanno mangiato il frutto hanno cambiato colore.",NA,21.8332,0,24.0324,80,22.3667,0,"FALSE",24,"Italiano",0,NA,NA,NA,NA,"a",0
"74",77,"Italian","M","2025-10-07_16h25.16.052",14.0664,61.8922,22.1291,0.143518554,0.71875,230.0003,6.3985,1,"Win32",15.6643,8,"ho cercato di tenere conto delle volte in cui l'episodio di crisi non fosse stato superato, sia quando non preso, sia quando preso (il Batatrim), il conteggio è stato fatto a mente quindi posso solo presupporre che i casi di assunzione del farmaco siano gli stessi della non assunzione; mi sembra che i casi di crisi non siano stati superati in minor numero con l'assunzione del farmaco rispetto alla non assunzione. Tutto questo potrebbe essere anche un mio errore di calcolo dato dalla continua ripetizione della stessa domanda che mi potrebbe aver portato a perdere il conteggio.",NA,NA,NA,NA,NA,24.263,80,27.5797,95,44.2609,50,"M",22,"Italiano",0,NA,NA,NA,NA,"a",1
"75",78,"Italian","L","2025-10-07_19h55.42.698",183.1426,90.7165,25.2163,0.167824109,0.743055556,193.8245,7.5322,1,"Win32",21.1708,7,NA,NA,"Considerando solo i casi in cui la leva è stata attivata, mi sembra di ricordare che nella maggior parte di questi casi il Laminatorix si sia fermato. Ciò vuol dire che è stata effettivamente efficace. C'erano comunque casi in cui veniva attivato il sistema e non si è fermato il macchinario, quindi non posso dargli un punteggio di efficacia troppo alto.",NA,NA,NA,23.4766,90,18.5987,95,56.1603,70,"M",23,"Italiano, Inglese",0,NA,NA,NA,NA,"d",0
"76",79,"Italian","M","2025-10-06_22h00.59.501",26.2999,10.1827,15.9659,0.6909185,0.402168415,201.1667,3.1659,1,"MacIntel",5.0328,7,"quante crisi sono state superate",NA,NA,NA,NA,NA,9.1169,96,4.9819,82,16.0499,5,"M",22,"italiano",0,NA,NA,NA,NA,"c",1
"77",82,"Italian","L","2025-10-07_13h05.02.648",31.365,38.116,15.765,0.766304348,0.22826087,209.118,8.833,0,"MacIntel",0.001,NA,NA,NA,"L'utilizzo del sistema NZ-6 non è più predittivo dello stop del Laminatorix rispetto al non utilizzo. Nonostante ci sia spesso compresenza di ""utilizzo di NZ-6"" e  ""stop del Laminatorix"", la frequenza di questa compresenza non è più alta rispetto a quella tra ""non utilizzo NZ-6"" e ""stop del laminatorix"". Entrambi sembrano avere la stessa proporzione di ""fallimenti"" ossia di casi in cui il macchinario non si ferma. ",NA,NA,NA,18.132,98,21.316,98,38.182,50,"FALSE",22,"italiano",0,NA,NA,NA,NA,"c",0
"78",83,"Italian","A","2025-10-06_17h15.10.482",73.6699,66.8987,25.3571,0.613120355,0.755483076,327.3879,5.482,0,"MacIntel",0.0015,NA,NA,NA,NA,NA,"Ho provato a tenere conto di quante volte lo Yellowpop cambiava colore nelle due condizioni 'ha mangiato' e 'non ha mangiato'. Tuttavia ho perso il conto molto presto, dunque mi sono affidata al ricordo approssimativo del fatto che io non abbia notato tendenze a cambiare colore o meno in base alla condizione, dunque ho assunto che il cambio di colore non fosse correlato all'assunzione di Fluffberry.",NA,35.478,16,33.9497,88,23.2007,22,"FALSE",21,"italiano",0,NA,NA,NA,NA,"d",0
"79",84,"Italian","M","2025-10-20_18h18.28.540",14.7984,34.8121,21.7298,0.574074092,0.827546332,209.093,2.0658,1,"Win32",6.8157,8,"Ho notato che quando in Batatrim veniva preso aveva successo, ma nel caso in cui non venisse preso il paziente poteva comunque superare le crisi",NA,NA,NA,NA,NA,9.5772,75,18.0591,90,20.1134,80,"M",23,"Italiano",0,NA,NA,NA,NA,"c",0
"80",85,"Italian","L","2025-10-08_15h13.38.474",42.4275,83.7372,34.9664,0.825231464,0.759259277,306.9298,17.9216,0,"Win32",0.0022,NA,NA,NA,"Alcuni registri hanno riportato che in alcune situazioni il sistema NZ-6 è stato attivato per fermare il macchinario ma questo ha continuato lo stesso ad andare, perciò non è molto efficace come sistema.",NA,NA,NA,21.5197,70,18.4657,100,33.218,0,"M",23,"Italiano",0,NA,NA,NA,NA,"c",0
"81",86,"Italian","A","2025-10-06_18h17.31.027",19.4395,64.3673,31.0689,0.476851852,0.55787037,241.0049,5.3613,0,"Win32",0.0012,NA,NA,NA,NA,NA,"Dalla piccola osservazione a cui ho potuto partecipare non sembrerebbe esserci una diretta correlazione tra solamente queste due variabili, probabilmente ce ne sono altre che intercorrono al cambiamento degli yellowpop",NA,15.6249,19,14.3479,35,11.4415,34,"M",24,"Italiano",0,NA,NA,NA,NA,"a",0
"82",87,"Italian","M","2025-10-06_19h05.23.791",24.533,92.184,37.916,0.593055556,0.468055556,278.286,7.349,0,"MacIntel",0.001,NA,"non ho osservato una diretta correlazione tra l'assunzione del farmaco e efficacia. è sembrato che l'efficacia fosse abbastanza aleatoria",NA,NA,NA,NA,NA,23.683,80,12.599,75,12.183,15,"FALSE",23,"Italiano",0,NA,NA,NA,NA,"c",0
"83",88,"Italian","A","2025-10-06_19h17.43.166",6.6303,51.1175,32.8118,0.343055556,0.709722222,289.7559,3.7637,0,"Win32",0.0024,NA,NA,NA,NA,NA,"Ho considerato la frequenza in cui, al consumo del Fluffberry, gli yellowpop cambiassero colore, insieme alla frequenza con cui questi cambiassero colore nonostante non l'avessero mangiato. Ho dedotto che il frutto non avesse influenza ma che probabilmente ci sono altri fatttori",NA,43.8343,74,30.6241,84,12.8124,63,"M",22,"italiano",0,NA,NA,NA,NA,"c",0
"84",89,"Italian","M","2025-10-06_19h16.14.998",13.6855,51.3762,22.2467,0.744444444,0.411111111,247.9939,13.3312,1,"Win32",11.8699,4,"Il Batatrim si è spesso dimostrato essere efficace ma sono stati molti i casi in cui il paziente non ha superato la crisi nonostante l'assunzione dello stesso. Inoltre è stato osservato che numerosi pazienti hanno superato la crisi senza bisogno del farmaco. Perciò è efficace per alcuni e totalmente superfluo per altri.",NA,NA,NA,NA,NA,21.7631,70,17.1007,70,15.2304,20,"FALSE",26,"Italiano",0,NA,NA,NA,NA,"a",1
"85",90,"Italian","L","2025-10-06_19h17.31.043",14.0136,61.3081,24.4629,0.49884261,0.554398201,207.1751,4.083,1,"Win32",7.9319,8,NA,NA,"Ho pensato al numero di volte in cui il sistema ha seguito il comando (tiro della leva=fermare, non tirare la leva=non fermare)",NA,NA,NA,16.5362,75,14.3082,95,21.7965,10,"M",24,"italiano",0,NA,NA,NA,NA,"a",1
"86",91,"Italian","A","2025-10-08_13h00.21.639",30.9158,77.2486,25.9011,0.495516169,0.743173654,429.8012,17.0662,1,"MacIntel",16.8533,2,NA,NA,NA,NA,"Ho fatto una griglia di osservazione annotandomi quante volte gli yellowpops che mangiavano il Fluffberry o che non lo mangiavano cambiavano colore. Confrontando le due griglie/tabelle non ho notato differenze così abissali",NA,34.4002,35,93.3985,70,64.5485,60,"FALSE",24,"Italiano",0,NA,NA,NA,NA,"a",0
"87",92,"Italian","M","2025-10-09_18h23.59.041",22.2436,48.959,27.4224,0.998842663,0.368055538,280.5492,4.712,1,"Win32",30.6871,9,"Ho cercato di ricordare quanti pazienti non avevano superato le crisi e quanti in meno fossero rispetto a quelli per cui il Batatrim era stato efficace",NA,NA,NA,NA,NA,19.8473,100,16.6988,98,39.689,2,"FALSE",27,"Italiano",0,NA,NA,NA,NA,"a",1
"88",94,"Italian","L","2025-10-07_10h29.59.083",15.982,37.383,16.833,0.744444444,0.506944444,215.02,3.316,1,"MacIntel",6.216,7,NA,NA,"Ho considerato quante volte il sistema è stato efficace quando è stato utilizzato",NA,NA,NA,7.815,83,10,90,8.716,42,"FALSE",21,"italiano",0,NA,NA,NA,NA,"c",0
"89",95,"Italian","A","2025-10-07_10h29.30.059",17.8505,66.9347,23.7996,0.741916233,0.567003038,205.0367,5.417,0,"MacIntel",5e-04,NA,NA,NA,NA,NA,"Ho preso in considerazione la percentuale delle volte in cui mangiare il Fluffberry non ha determinato il cambiamento di colore e, essendo piuttosto alta, ho ipotizzato che fosse un altro fattore a determinarne il cambiamento. ",NA,11.4498,7,12.401,32,12.2166,62,"FALSE",23,"Italiano ",0,NA,NA,NA,NA,"a",1
"90",97,"Italian","M","2025-10-07_17h03.16.324",29.249,64.852,22.166,0.247287538,0.633946485,222.804,2.945,1,"Win32",14.73,9,"Nel caso in cui il paziente ha preso il Batatrim, nel 90% dei casi è risultato efficace a superare le crisi, mentre circa 50% dei casi in cui non è stato preso il Batatrim c'era possibilità di non superare le crisi. In generale mi sembra più efficace e conveniente utilizzare il Batatrim per superare le crisi.",NA,NA,NA,NA,NA,15.036,85,20.203,70,14.737,25,"M",23,"Italiano",0,NA,NA,NA,NA,"a",1
"91",98,"Italian","L","2025-10-07_11h20.47.173",20.7717,75.2687,29.8456,0.816723124,0.390034061,284.9351,19.4354,0,"MacIntel",0.0012,NA,NA,NA,"Molte volte il laminatorix si fermava anche se la leva NZ-6 non veniva azionata e altre volte anche se la leva veniva azionata il laminatorix non si fermava",NA,NA,NA,27.3047,70,14.2026,86,36.7652,79,"FALSE",22,"italiano",0,NA,NA,NA,NA,"c",0
"92",99,"Italian","A","2025-10-14_09h35.00.460",7.222,28.507,11.774,0.663109756,0.792682927,229.193,4.841,0,"iPad",0.003,NA,NA,NA,NA,NA,"Mangiare fluffberry non sembra determinante nel cambiamento di colore perché non c’era un rapporto di causazione ma di casualità, il consumare quel frutto non portava sempre ad un cambiamento del colore ma solo alcune volte, mentre altre cambiavano colore senza aver mangiato nulla.",NA,12.422,73,14.043,98,12.675,16,"FALSE",23,"Spagnolo, italiano",0,NA,NA,NA,NA,"b",1
"93",102,"Italian","M","2025-10-11_20h22.37.826",14.7734,35.219,20.8825,0.848379612,0.385416649,182.7401,2.0265,1,"Win32",9.9465,7,"La quantità di volte in cui l'hanno preso e l'hanno superata, rispetto alla quantità di volte in cui l'hanno preso ma non l'hanno superata, anche pensando però alla superabilità della crisi per conto proprio (guardando le volte che non l'hanno preso ma l'hanno superata)",NA,NA,NA,NA,NA,13.6799,93,10.6928,90,12.214,15,"M",22,"Italiano",0,NA,NA,NA,NA,"b",1
"94",103,"Italian","L","2025-10-10_16h45.28.698",15.6989,120.8062,27.466,0.664351905,0.496527831,281.2416,6.8991,0,"Win32",0.0013,NA,NA,NA,"Sulla base delle informazioni fornite inizialmente, il sistema sarebbe dovuto subentrare nel momento di sovraccarico, per cui attivandolo il la macchina avrebbe dovuto fermarsi. Tuttavia dal database fornito alcune item non erano coerenti con quanto descritto (il sistema di femrmava/attivata anche se il NZ-6 non veniva attivato)",NA,NA,NA,28.5157,90,26.7992,98,82.3661,0,"FALSE",22,"Italiano",0,NA,NA,NA,NA,"c",0
"95",104,"Italian","A","2025-10-09_21h30.28.953",6.4355,62.1323,37.5664,0.456921048,0.461616601,290.6847,13.5133,0,"MacIntel",0.0013,NA,NA,NA,NA,NA,"Mi è sembrato che gli Yellowpops cambiassero colore quando mangiavano i Fluffberry solo circa 1/3 delle volte",NA,31.3663,1,27.2823,33,21.5001,15,"FALSE",22,"Italiano",0,NA,NA,NA,NA,"b",1
"96",105,"Italian","M","2025-10-07_14h31.21.133",3.0995,22.899,13.4991,0.869212981,0.34490739,253.7119,15.2984,0,"Win32",0.0012,NA,"ho provato a stimare se ci fosse una differenza significativa sul superamento o meno della crisi a seconda dell'assunzione presente o assente del batatrin",NA,NA,NA,NA,NA,15.3989,80,10.4998,80,11.5995,70,"M",27,"Argentino e Italiano",0,NA,NA,NA,NA,"c",0
"97",106,"Italian","L","2025-10-13_09h55.53.004",44.133,99.465,22.798,0.629076087,0.498641304,218.118,12.283,0,"MacIntel",0.002,NA,NA,NA,"Su tutte le volte in cui è stata azionata, la leva ha fallito solo 5 volte. Ho selezionato ""no"" perché per parlare di efficacia idealmente dovrebbe funzionare ogni volta. In ogni caso, ci fosse stata una risposta intermedia avrei selezionato quella, in quanto essendo in fase di sperimentazione può essere che fallisca (5 volte sono poche rispetto a tutte le volte che è stata azionata).",NA,NA,NA,25.116,85,10.465,100,10.032,15,"FALSE",24,"Italiano",0,NA,NA,NA,NA,"c",0
"98",107,"Italian","M","2025-10-07_21h10.40.366",47.3959,72.7031,34.5776,0.658564868,0.898148254,208.4688,3.7276,1,"Win32",6.1764,9,"Che la maggior parte delle persone che hanno preso il Batatrim alla fine hanno superato la crisi.",NA,NA,NA,NA,NA,17.4881,90,6.1372,90,27.8686,33,"M",22,"Italiano",0,NA,NA,NA,NA,"a",1
"99",109,"Italian","L","2025-10-13_10h36.36.508",33.5205,48.2938,24.8288,0.585648166,0.386574127,285.2971,5.7617,0,"Win32",0.0016,NA,NA,NA,"trattandosi di macchinari ad utilizzo industriale penso che sia importante avere un margine di errore dei macchinari tendente allo 0 per la sicurezza del personale e la qualità del prodotto, per non parlare dei costi di produzione e manutenzione. Per queste ragioni penso che anche solo pochi casi in cui il meccanismo non funziona come dovrebbe, ne diminuiscono l'efficacia.",NA,NA,NA,21.664,98,15.8188,100,19.2496,1,"M",22,"italiano",0,NA,NA,NA,NA,"c",0
"100",110,"Italian","A","2025-10-12_11h04.06.970",21.0525,107.4309,32.8153,0.44675933,0.576388889,282.1313,5.6826,1,"Win32",19.399,8,NA,NA,NA,NA,"Perchè la maggior parte delle volte che mangiava il frutto cambiava colore",NA,20.8826,12,43.9988,72,17.1993,20,"FALSE",21,"italiano",0,NA,NA,NA,NA,"a",1
"101",111,"Italian","M","2025-10-13_16h11.20.996",36.7313,67.2314,38.9155,0.498187666,0.49540638,207.6669,5.0147,0,"Linux x86_64",0.0018,NA,"La maggior parte dei pazienti che non ha assunto il farmaco ha comunque superato la crisi, ciò fa pensare che non è necessario il Batatrim affinchè il paziente stia bene",NA,NA,NA,NA,NA,51.299,94,13.4323,96,38.6154,34,"FALSE",22,"italiano",0,NA,NA,NA,NA,"a",1
"102",112,"Italian","L","2025-10-09_16h42.42.686",20.7589,61.363,26.0402,0.754629665,0.498842663,233.6293,3.5815,1,"Win32",15.2613,8,NA,NA,"il fatto che nel testo di partenza viene detto che il sistema NZ-6 potrebbe essere efficace (anche se in fase di sperimentazione)
il fato che mi è sembrato di vedere più spesso l'associazione + + ",NA,NA,NA,22.0075,85,19.2816,95,41.1402,5,"FALSE",22,"italiano (alla nascita sono stata esposta al russo, ma non ho ricordo di averla mai parlata)",2,NA,NA,NA,NA,"c",0
"103",113,"Italian","A","2025-10-13_20h58.16.446",20.7218,77.1274,20.4928,0.496744792,0.550455729,305.2367,6.0824,0,"Win32",0.0028,NA,NA,NA,NA,NA,"Molto spesso anche se non è stato mangiato il fluffberry, lo yellowpop ha cambiato colore, per cui può non dipendere da ciò ma da altre variabili. ",NA,17.2826,43,20.3391,91,25.5999,3,"FALSE",24,"Italiano",0,NA,NA,NA,NA,"b",1
"104",114,"Italian","M","2025-10-08_17h35.40.162",10.7462,32.5228,24.34,0.686111132,0.41111109,241.6067,4.0292,0,"Win32",7e-04,NA,"in molti casi il farmaco non è stato efficace ",NA,NA,NA,NA,NA,82.6389,85,11.2285,94,15.819,6,"FALSE",22,"italiano",0,NA,NA,NA,NA,"c",0
"105",115,"Italian","L","2025-10-11_12h10.17.668",15.4821,61.2006,26.1652,0.665625,0.442708397,279.6753,35.833,0,"Win32",4e-04,NA,NA,NA,"Ho pensato che un sistema che deve fermare una macchina in sovraccarico debba avere un tasso di ""certezza di fermare la macchina"" più alto di quello che ho visto, non mi fiderei ad usarlo",NA,NA,NA,23.3962,98,20.2863,99,18.4994,2,"M",22,"Italiano",0,NA,NA,NA,NA,"a",1
"106",116,"Italian","A","2025-10-14_21h37.41.626",8.985,52.785,16.4,0.506944444,0.505555556,281.006,13.483,0,"MacIntel",0.001,NA,NA,NA,NA,NA,"suppongo che ci sia una correlazione, forse spuria, ma credo ci sia un'altra variabile che possa spiegare il legame causa-effetto.
",NA,16.05,56,14.55,57,15.617,48,"M",22,"italiano ",0,NA,NA,NA,NA,"a",1
"107",117,"Italian","M","2025-10-09_10h42.39.758",37.6689,94.4221,28.8408,0.641203774,0.395833333,228.6716,30.6409,0,"Win32",4e-04,NA,"Ho preso in considerazione il fatto che 5 pazienti tra quelli a cui è stato somministrato il Batatrim, non sono guariti. Se consideriamo che saranno stati circa 25 i pazienti sottoposti a questa cura, il batatrim ha una percentuale di fallimento circa del 25%, una percentuale abbastanza alta per un farmaco. ",NA,NA,NA,NA,NA,12.4668,88,13.259,95,10.6354,5,"M",22,"Italiano",0,NA,NA,NA,NA,"c",0
"108",118,"Italian","L","2025-10-11_15h19.39.344",6.5982,73.7693,31.5718,0.585648166,0.502314868,370.135,5.5829,1,"Win32",12.8092,7,NA,NA,"la maggior parte delle volte si è fermato",NA,NA,NA,33.9806,76,15.7571,95,19.7567,5,"FALSE",23,"italiana",0,NA,NA,NA,NA,"a",1
"109",119,"Italian","A","2025-10-11_15h19.38.279",16.7467,61.5742,30.3785,0.782407425,0.787037072,354.9764,5.8656,0,"Win32",0.0011,NA,NA,NA,NA,NA,"La probabilità di cambiare colore era nettamente alta sia nella variabile con fluffberry che nella variabile senza fluffberry, quindi qualora ci fosse una minima influenza la reputerei comunque insignificante o dotenzialmente dovuta al caso",NA,40.7444,50,19.7791,91,13.9308,91,"M",22,"italiano",0,NA,NA,NA,NA,"a",1
"110",120,"Italian","M","2025-10-13_10h55.18.867",61.4715,42.6351,27.6841,0.700231517,0.413194444,214.3632,53.3692,0,"Win32",0.0011,NA,"Ho cercato di considerare tutte le possibilità: molte volte il paziente ha superato la crisi dopo aver preso il Batatrim, ma più di qualche volta il paziente non ha superato la crisi nonostante avesse preso il Batatrim; inoltre, molte volte la crisi è stata superata senza il Batatrim.",NA,NA,NA,NA,NA,27.9667,70,23.2999,95,91.8751,30,"FALSE",23,"Italiano",0,NA,NA,NA,NA,"d",0
"111",121,"Italian","L","2025-10-13_15h26.00.740",41.4135,63.2811,37.9138,0.583333333,0.454861111,244.4158,8.5899,1,"Win32",14.4172,8,NA,NA,"Informazioni prese in considerazione:
- percentuale approssimativa di funzionamenti relativi all'attivazione della leva
- NON presa in considerazione la percentuale relativa ai funzionamenti a fronte della non attivazione del sistema NZ-6
Ragionamento:
- nonostante l'arresto del Laminatronix sembri, stando alla percezione delle percentuali relative al suo spegnimento, indipendente dall'attivazione del sistema, pare che in proporzione ci sia stato un minor numero di situazioni in cui è stato attivato e quindi una minor possibilità di escludere l'intervento di variabili esterne, che possono aver determinato l'arresto del macchinario anche senza l'uso del sistema, oltre che una, forze, maggior efficacia dell'NZ-6 nell'arrestare il Laminatronix",NA,NA,NA,27.1875,93,10.4815,98,16.6646,10,"M",22,"Italiano",0,NA,NA,NA,NA,"c",0
"112",122,"Italian","A","2025-10-21_15h23.30.805",40.9886,73.1712,34.9414,0.605794271,0.775065104,548.9934,5.4497,0,"Win32",0.0014,NA,NA,NA,NA,NA,"inizialmente ho provato a confermare l'ipotesi, poi a falsificarla e mi è sembrato che non vi fosse alcuna correlazione tra mangiare il fluffberry e il cambio di colore dell'alieno. Non sono riuscito a prevedere l'outcome del mangiare il fluffberry neanche dopo numerose risposte.",NA,43.9435,38,30.2487,33,60.5807,44,"M",21,"italiano",0,NA,NA,NA,NA,"c",0
"113",123,"Italian","M","2025-10-12_15h13.58.265",4.9168,59.8188,37.6519,0.251157407,0.659722258,230.4976,12.417,0,"Win32",0.0012,NA,"Essendo un farmaco in via di sperimentazione, è in fase di sperimentazione anche la sua efficacia che non è del 100% perchè in alcuni casi funziona e in altri no. Quindi bisogna prendere in esame altre variabili in gioco",NA,NA,NA,NA,NA,17.334,96,15.8837,85,12.7164,12,"FALSE",23,"Italiano",0,NA,NA,NA,NA,"b",1
"114",124,"Italian","L","2025-10-12_18h57.12.366",6.4495,73.1476,36.1012,0.5328125,0.4984375,277.8155,3.8312,1,"Win32",9.0655,8,NA,NA,"Ho cercato di cogliere dei  pattern ma non sono riuscita a capire la logica dietro dunque andavo per tentativi",NA,NA,NA,11.1663,96,10.4877,99,21.6602,4,"FALSE",24,"italiano",0,NA,NA,NA,NA,"a",1
"115",125,"Italian","A","2025-10-14_11h28.07.608",12.7315,41.9603,22.8634,0.50097583,0.69223269,237.3939,8.1645,0,"Win32",0.0013,NA,NA,NA,NA,NA,"Per quanto alcuni Yellowpop che avevano mangiato il Fluffberry avessero cambiato colore, la correlazione non era persistente, cioè, non tutti quelli che lo avevano mangiato cambiavano, come anche non tutti quelli che non lo avevano mangiato restavano dello stesso colore.",NA,17.6612,60,11.599,42,12.1985,40,"FALSE",22,"Italiano",0,NA,NA,NA,NA,"b",0
"116",126,"Italian","M","2025-10-13_18h43.24.178",50.5154,85.4867,70.5064,0.870370441,0.239583333,287.5623,18.175,1,"Win32",87.2838,6,"Ho cercato di ricordare la percentuale di pazienti che hanno superato la crisi dopo aver assunto il farmaco sul totale di pazienti che hanno assunto il farmaco e di confrontarla con la percentuale di pazienti che hanno superato la crisi senza averlo assunto sul totale di pazienti che non hanno assunto il farmaco e mi sembrava che il risultato non fosse molto differente se non di poco in favore del farmaco.",NA,NA,NA,NA,NA,44.291,90,56.4578,90,65.3633,20,"FALSE",23,"Italiano",0,NA,NA,NA,NA,"c",0
"117",127,"Italian","L","2025-10-13_16h34.43.606",9.0657,232.1963,26.2767,0.623611132,0.55277782,289.3402,4.6872,0,"Win32",0.0026,NA,NA,NA,"ci sono stati troppi casi in cui il sistema non ha funzionato ",NA,NA,NA,26.8964,73,25.292,92,69.2826,12,"FALSE",23,"italiano",0,NA,NA,NA,NA,"a",1
"118",128,"Italian","L","2025-10-14_21h00.44.938",27.4818,61.6103,21.3154,0.236111111,0.501157443,297.2754,13.2375,0,"Win32",8e-04,NA,NA,NA,"in alcune situazioni in cui diceva che le persone non fermavano il NZ-6, comunque il NZ-6 si fermava da solo oppure non si fermava. ",NA,NA,NA,16.1702,86,19.5482,99,18.3495,8,"FALSE",24,"italiano",0,NA,NA,NA,NA,"d",1
"119",129,"Italian","A","2025-10-19_22h12.54.880",39.717,51.267,34.484,0.648611111,0.625,226.505,5.349,0,"MacIntel",0.001,NA,NA,NA,NA,NA,"Ho considerato che quante volte restavano dello stesso colore senza mangiare il Fluffberry e ho notato che erano poche. La maggior parte delle volte avveniva il cambio del colore indipendentemente dal fatto che avessero mangiato o no il Fluffberry. ",NA,54.301,30,76.236,65,63.151,40,"FALSE",25,"italiano",0,NA,NA,NA,NA,"d",0
"120",130,"Italian","L","2025-10-20_09h40.24.136",29.1926,99.4062,36.8195,0.751157443,0.584490776,325.8517,18.1351,1,"Win32",107.8108,7,NA,NA,"quante volte il macchinario si è fermato quando la leva è stata attivata",NA,NA,NA,16.9698,72,12.6058,84,66.2655,32,"FALSE",26,"italiano",0,NA,NA,NA,NA,"d",0
"121",131,"Italian","M","2025-10-18_11h27.29.424",14.1631,54.2257,63.541,0.814814868,0.44212963,380.1571,3.4993,0,"Win32",0.0017,NA,"Ho pensato che non fosse efficace. All'inizio sembrava di si perchè sembrava che chi prendeva il farmaco superasse le crisi, poi però i risultati sembravano dimostrare che anche chi non lo prendeva poteva superarle. Quindi ho iniziato a pensare che non servisse molto il farmaco.",NA,NA,NA,NA,NA,20.0203,70,14.9636,90,11.6652,20,"FALSE",25,"Italiano",0,NA,NA,NA,NA,"a",1
"122",132,"Italian","L","2025-10-20_12h11.37.996",8.0829,51.2924,17.9993,0.631944444,0.579861111,230.2472,15.6768,1,"Win32",7.4953,7,NA,NA,"Stima di occasioni in cui attivando il sistema NZ-6 il macchinario si fermava",NA,NA,NA,8.434,65,11.4595,96,11.1566,30,"FALSE",29,"italiano",0,NA,NA,NA,NA,"c",0
"123",133,"Italian","A","2025-10-19_18h38.50.026",19.7485,57.4393,16.6669,0.706018554,0.857638907,267.1178,4.7938,0,"Win32",0.0015,NA,NA,NA,NA,NA,"mi è sembrato che i Fluffyellow cambiassero colore in modo casuale, e che aver mangiato o meno il Fluffberry non influisse sul cambio di colore. Faccio questa inferenza perché non sono riuscito a individuare uno schema di cambiamento del colore basato sul mangiare o non mangiare il Fluffberry ",NA,27.4072,0,22.1626,100,34.0348,50,"M",24,"italiano",0,NA,NA,NA,NA,"d",0
"124",134,"Italian","L","2025-10-20_21h06.03.153",11.9498,41.9676,18.2165,0.695270647,0.390257626,225.8874,4.4662,0,"MacIntel",0.001,NA,NA,NA,"Non ho contato quante volte la leva non è stata capace di fermare il sistema, ma ho semplicemente usato la memoria per ricordare che decisamente troppe volte il sistema non è stato efficace e quindi non può essere considerato un buon sistema.",NA,NA,NA,13.5987,80,21.0679,4,31.617,0,"M",22,"Italiano",0,NA,NA,NA,NA,"b",1
"125",135,"Italian","A","2025-10-20_22h59.04.257",24.5821,67.7823,28.7991,0.554398148,0.912037037,209.9753,5.5826,0,"Win32",5e-04,NA,NA,NA,NA,NA,"Non sono riuscito a contare i cambiamenti senza aver mangiato il frutto e quelli avendo mangiato il frutto, ma in ogni caso il cambiamento mi è sembrato arbitrario e senza uno schema",NA,49.7657,5,32.2159,95,36.9326,50,"M",25,"Italiano",0,NA,NA,NA,NA,"c",0
"126",136,"Italian","M","2025-10-21_21h01.52.653",8.099,42.215,14.833,0.31773667,0.652339499,179.53,3.566,0,"MacIntel",0.001,NA,"Il fatto che spesso, da quello che mi sembrava, il paziente superava la crisi anche senza il farmaco e che, anzi, spesso, quando lo prendeva, non lo superava",NA,NA,NA,NA,NA,12.632,82,8.315,36,8.65,53,"FALSE",22,"Italiano",0,NA,NA,NA,NA,"a",1
"127",138,"Prolific","A","2025-10-22_12h05.58.293",7.4163,44.9438,17.2565,0.600694444,0.90625,204.6826,3.7777,0,"Win32",2e-04,NA,NA,NA,NA,NA,NA,"Taking into acount that a lot of Yellowpops changed colors without eating the fulffberry, and a lot of them didn't change after eating one, it makes me think that Yellopops changing colors have nothing to do with the Fluffberry",16.6217,0,10.718,50,9.7771,50,NA,NA,NA,NA,"M",22,"Spanish",6,"a",1
"128",139,"Prolific","A","2025-10-22_15h57.53.849",4.732,29.866,12.1981,1,0.777777778,211.0524,5.6068,0,"Win32",0.0017,NA,NA,NA,NA,NA,NA,"Some of the aliens would change colour regardless of if they ate it or not. Some others would also stay the same regardless of if they ate it. At bare minimum, there does not seem to be any causation between the two.",26.1242,0,13.1988,50,9.6071,50,NA,NA,NA,NA,"M",24,"English",0,"a",1
"129",140,"Prolific","A","2025-10-22_16h02.27.529",17.3839,170.3842,24.5151,0.925,1,386.5599,6.9079,0,"Win32",0.0036,NA,NA,NA,NA,NA,NA,"Fluffberry was not effective because even when the yellowpop didn't eat the fuffberry at times it still changes color",20.051,30,9.2398,19,12.4675,35,NA,NA,NA,NA,"FALSE",23,"English ",1,"b",1
"130",141,"Prolific","A","2025-10-22_16h04.34.113",7.874,38.7969,13.3125,0.604166667,0.650462998,240.7319,3.4929,0,"Win32",0.0026,NA,NA,NA,NA,NA,NA,"They sometimes changed colours without eating the berry and they also sometimes didn't change colour when they ate it",10.7563,26,13.0102,50,13.315,27,NA,NA,NA,NA,"M",22,"English",0,"b",1
"131",142,"Prolific","A","2025-10-22_16h09.31.951",15.7633,57.2898,20.6806,0.832027893,0.693200842,271.4761,4.8488,0,"Win32",0.0039,NA,NA,NA,NA,NA,NA,"The number of times the alien change colour affect eating the fluffberry is equal to the amount of times the alien changed colours without eating any fluffberry",20.396,43,14.7476,11,14.0471,11,NA,NA,NA,NA,"M",21,"English, Igbo",0,"a",0
"132",145,"Prolific","A","2025-10-22_17h00.21.348",3.9859,37.197,10.4587,0.65,0.810416667,318.0235,4.8704,0,"Win32",6e-04,NA,NA,NA,NA,NA,NA,"Based on observations, I dont think there is a direct causation between eating Fluffberry and changing color.",15.1122,3,11.3596,80,10.5915,20,NA,NA,NA,NA,"M",23,"Polish",6,"a",1
"133",146,"Prolific","A","2025-10-22_17h02.57.731",21.9171,39.811,9.0879,0.327256944,0.691840278,159.0232,4.0115,0,"Win32",3e-04,NA,NA,NA,NA,NA,NA,"It doesn't matter if it eated the flufberry or not, sometimes it would change colors and others not",13.7584,7,15.176,42,6.4293,43,NA,NA,NA,NA,"M",24,"Spanish",4,"a",1
"134",147,"Prolific","A","2025-10-22_17h03.00.770",21.2319,64.3169,15.9451,0.662037037,0.825231464,200.4549,4.7591,1,"Win32",7.8482,8,NA,NA,NA,NA,NA,"In most cases, the Fluffberry was effective. Sometimes it did not, and usually that was when they ate it 2 times in a row.",13.6429,31,18.8216,75,11.1547,34,NA,NA,NA,NA,"M",24,"French",10,"a",1
"135",148,"Prolific","A","2025-10-22_17h04.12.368",17.525,52.404,29.063,0.646990705,0.840277795,218.59,3.533,0,"Win32",0,NA,NA,NA,NA,NA,NA,"There was at least 19 situation in which flufberry didn't have any influence over yellowpeople changing colour. It was a lot of such situations so it is hard to consider it as insignificant. The most convincing thing to me was the fact that some yellowpeople changed colour even when they didn't eat the fluffberry which shows that their coulour changing is not related to the fruit. So if not every yellowpeople who ate fluffberry turned green and some yellowpeople who didn't ate flufberry changed their colour then the asumption is false. ",41.631,20,25.67,50,22.714,20,NA,NA,NA,NA,"M",24,"polish",7,"a",1
"136",149,"Prolific","A","2025-10-22_17h05.54.426",16.6882,38.7282,15.0394,0.576388889,0.56712963,317.6183,22.738,0,"Win32",0.0039,NA,NA,NA,NA,NA,NA,"I considered the fact that the yellowpops would change color regardless of whether a fluffberry was eaten or not and also even when a yellowpop eats a fluffberry it wouldn't change color sometimes.",12.18,0,13.5348,59,8.5537,70,NA,NA,NA,NA,"M",22,"English",1,"a",1
"137",150,"Prolific","A","2025-10-22_17h10.35.747",10.429,74.263,16.563,0.631410256,0.727564103,251.545,6.601,1,"MacIntel",24.889,6,NA,NA,NA,NA,NA,"I looked at whether the Yellowpops ate the Fluffberry and if they changed color afterward. I compared the times they ate it with the times they didn’t. If they changed color more often after eating the Fluffberry, I thought it meant the Fluffberry was effective.",10.34,51,7.821,50,4.198,14,NA,NA,NA,NA,"FALSE",20,"IsiZulu ",7,"a",1
"138",151,"Prolific","A","2025-10-22_17h11.06.417",12.8618,31.0637,18.0152,0.731481481,0.497685185,178.8983,3.2381,0,"Win32",0.0019,NA,NA,NA,NA,NA,NA,"I considered if they changed colour based on if they ate the fluffberry or not, seemingly it didn't really have a rule, changing randomly, sometimes it felt like it did affect it and sometimes it didn't.",24.7718,15,12.4121,44,8.3577,68,NA,NA,NA,NA,"M",23,"Croatian",4,"c",0
"139",152,"Prolific","A","2025-10-22_17h11.35.979",6.0333,51.0134,19.5486,0.242838542,0.778320313,218.5436,13.2489,1,"Win32",8.0652,8,NA,NA,NA,NA,NA,"I considered the amount of times the yellow people changed colour after consuming the fluffberry which was high compared to when they changed colour when they did not eat the fluffberry, so I believe that the fluffberry has a high chance of being the cause.",48.1496,0,35.5379,80,39.3477,10,NA,NA,NA,NA,"FALSE",22,"English",0,"d",0
"140",153,"Prolific","A","2025-10-22_17h21.19.579",10.7452,38.8391,14.0411,0.513888889,0.878472222,185.7404,6.3955,0,"Win32",3e-04,NA,NA,NA,NA,NA,NA,"More yellowpops change colors without eating Fluffberry so there is no way that it was effective. ",11.1968,20,18.0484,45,21.1754,75,NA,NA,NA,NA,"M",24,"Polish",6,"c",0
"141",154,"Prolific","A","2025-10-22_17h21.34.883",60.6815,127.0961,66.1983,0.534179688,0.703450521,331.6308,20.8038,0,"Win32",0.0023,NA,NA,NA,NA,NA,NA,"I considered 'NO' because the yellowpop sometimes changes its color even if it didn't eat the fluffberry. At first, I thought maybe it was effective until the yellowpop didn't change color while it ate the fluffberry. Perhaps they is other situations or impacts that cause it to change color, rather than the fluffberry. While I understand that the yellowpop changes color multiple times when eating the fluffberry, it also didn't change color multiple times while it ate it, lastly, it also changed color multiple times while it didn't eat the fluffberry.",45.7182,50,21.2777,77,51.493,51,NA,NA,NA,NA,"M",18,"Zulu and English",2,"a",1
"142",155,"Prolific","A","2025-10-22_17h22.42.086",77.336,77.328,23.4246,1,0.750651042,414.998,14.0556,1,"Win32",23.5614,8,NA,NA,NA,NA,NA,"I considered the fact that almost all the yellowpops that ate the fluffberry changed color. It shows that the fluffberry has something to do with the change of color.",13.525,0,18.227,80,42.4037,20,NA,NA,NA,NA,"M",20,"Xitsonga, English and Sepedi",0,"b",1
"143",156,"Prolific","A","2025-10-22_17h31.52.756",18.1947,130.5592,71.4013,0.862268554,0.88657418,286.9289,6.8493,1,"Win32",17.9825,7,NA,NA,NA,NA,NA,"When a fluffberry is eaten by the yellowpop, it changes color. Therefore the fluffberry is effective.",28.0495,60,16.0995,85,17.7497,20,NA,NA,NA,NA,"M",19,"English",0,"c",0
"144",157,"Prolific","A","2025-10-22_17h41.43.911",19.5658,104.0945,14.2859,0.965277742,0.931712998,221.4627,6.182,1,"Win32",7.0028,7,NA,NA,NA,NA,NA,"The correct answer to whether Fluffberry had changed colour was correct more times than when it hadn't changed colour.",12.1713,66,29.1814,55,20.7971,80,NA,NA,NA,NA,"FALSE",21,"English, Xhosa, Zulu",0,"a",1
"145",158,"Prolific","A","2025-10-22_17h50.43.792",24.1738,52.5123,26.1168,0.878472222,0.84375,322.1919,5.2661,1,"Win32",15.1382,7,NA,NA,NA,NA,NA,"I think it kinda make something with it, like speed up the changing colors. Most of them who eaten the fruit more likely to change the color. Most of them who eaten the fruit changed the color but not everyone.",25.9622,65,19.9684,75,22.2169,30,NA,NA,NA,NA,"M",24,"Polish",7,"a",1
"146",159,"Prolific","A","2025-10-22_18h23.22.108",45.415,232.2204,11.5182,0.893210588,0.853904019,239.8028,4.1633,0,"Win32",4e-04,NA,NA,NA,NA,NA,NA,"Sometimes, when yellowpops eat the fluffbery it changes color and some times not. Also, in some observations the yellowpops did not eat the fluffberry and they even changed color",12.3455,0,7.9639,18,15.8868,0,NA,NA,NA,NA,"M",19,"Arabic",6,"b",1
"147",160,"Prolific","A","2025-10-22_20h37.20.050",5.1109,54.7995,26.5973,0.884259224,0.717592628,200.582,6.4714,0,"Win32",9e-04,NA,NA,NA,NA,NA,NA,"I reviewed all the cases and compared the outcomes between those who consumed the Fluffberry and those who didn't. Since similar colour changes occurred in both groups, I concluded that Fluffberry didn't have a noticeable effect.",15.8673,32,14.0272,41,8.777,62,NA,NA,NA,NA,"M",18,"Hindi, English",0,"b",1
"148",161,"Prolific","A","2025-10-22_22h06.39.514",62.6512,110.3356,15.6667,1,0.488195173,294.9086,6.1832,1,"Win32",9.9667,7,NA,NA,NA,NA,NA,"Base on the some sort like pattern like the emotion when you hungry you will feel angry. The color changes with it emotion.",17.4669,70,13.9667,70,22.0506,73,NA,NA,NA,NA,"M",20,"Viet Nam",8,"a",0
"149",162,"Prolific","A","2025-10-23_11h07.12.513",13.1582,201.841,80.0066,0.758256626,0.70869236,404.6674,2.4513,1,"MacIntel",3.8883,7,NA,NA,NA,NA,NA,"About 6-7 times out of ten the fluffberry would change the colour however there were anomalies a few times, so it wasnt guaranteed to change the colour but most of the times it did.",5.3017,61,2.5835,65,9.3048,73,NA,NA,NA,NA,"M",24,"English",0,"b",1
"150",163,"Prolific","A","2025-10-23_12h09.00.504",14.5945,49.5838,18.6106,0.598306202,0.699637024,239.7339,89.869,1,"Win32",6.1138,4,NA,NA,NA,NA,NA,"Most of those who changed color ate Fluffberries, but that's not always the case. But it might have some significance.",24.5918,4,12.5457,80,14.0445,52,NA,NA,NA,NA,"FALSE",24,"Polish",5,"a",1
"151",164,"Prolific","M","2025-10-23_12h41.02.581",7.3499,30.1663,10.9499,0.583333333,0.270833333,279.1158,3.1663,0,"Win32",2e-04,NA,NA,"I considered whether the patient will overcome the disease",NA,NA,NA,NA,8.3358,51,12.814,49,95.4163,31,NA,NA,NA,NA,"M",23,"Cantonese",3,"a",1
"152",165,"Prolific","M","2025-10-23_12h58.10.919",17.2596,36.5224,12.4498,0.736111111,0.915509259,199.0176,2.2466,1,"Win32",5.749,8,NA,"it helped in almost every case where they used it, but it also wasnt needed in the cases where batatrim wasnt taken",NA,NA,NA,NA,8.848,71,14.1112,80,12.3652,20,NA,NA,NA,NA,"FALSE",22,"Spanish",8,"c",1
"153",166,"Prolific","A","2025-10-23_13h03.46.653",61.8112,96.3121,32.2071,0.857638889,0.793981552,296.0978,16.1663,0,"Win32",0.0015,NA,NA,NA,NA,NA,NA,"1. The probability that the yellow pops changed color was high weather the fluffberry was consumed or not. 
2. Initially there was an association between colour change and consumption of the berry but after analysis it showed that the re was no association and that color change is influenced by something else",20.7913,30,20.6727,71,20.8326,63,NA,NA,NA,NA,"M",23,"ENGLISH SWAHILI",0,"a",1
"154",167,"Prolific","L","2025-10-23_13h40.53.467",19.3312,35.6658,14.0523,0.677083333,0.392361111,263.2696,4.9118,1,"Win32",5.128,7,NA,NA,NA,"I think most times it made the machine stop, i estimated",NA,NA,8.612,76,8.4748,85,9.7602,10,NA,NA,NA,NA,"M",23,"Portuguese",5,"a",1
"155",168,"Prolific","L","2025-10-23_13h48.53.105",19.986,65.3468,27.075,0.577546296,0.671296296,225.2139,3.62,1,"Win32",12.8458,7,NA,NA,NA,"Most of the times the NZ-6 system was used, the machine stopped. It wasn't perfect and it didn't stop a couple of times even after pushing the lever, but overall I think it was effective.",NA,NA,207.7357,75,13.529,75,25.358,55,NA,NA,NA,NA,"M",23,"Portuguese",6,"c",0
"156",169,"Prolific","L","2025-10-23_13h54.50.749",10.7776,26.6845,11.9224,0.578703704,0.420138889,507.7952,3.3995,0,"Win32",5e-04,NA,NA,NA,NA,"I tried to do it according to the system however the results were varied sometimes it was correct and other times it was not so I'm not entirely sure on the effectiveness.",NA,NA,14.9537,56,9.8512,41,5.0153,58,NA,NA,NA,NA,"M",24,"English",0,"b",1
"157",170,"Prolific","L","2025-10-23_13h55.23.271",6.533,54.5185,31.5344,0.838624339,0.871693122,307.422,19.4333,1,"Win32",112.0711,7,NA,NA,NA,"I considered the system’s goals, the results it produced compared to expectations, user feedback, and any data showing improvements or issues, then reasoned whether those outcomes aligned with its intended purpose to judge its overall effectiveness.",NA,NA,130.689,83,14.8839,66,2.2505,72,NA,NA,NA,NA,"M",20,"English",0,"c",1
"158",171,"Prolific","L","2025-10-23_13h59.59.939",26.9161,113.3183,37.2503,0.817381215,0.598039241,330.7418,10.667,1,"Win32",22.1003,7,NA,NA,NA,"I considered the data from the experiment, and observed that overall the datapoints seemed more favoring for the NZ-6 system, but subtly.",NA,NA,65.4889,41,36.4498,82,41.2832,38,NA,NA,NA,NA,"FALSE",24,"Arabic",14,"c",0
"159",172,"Prolific","L","2025-10-23_14h40.25.075",27.549,67.8487,19.3275,1,0.514375184,291.398,4.2448,0,"Win32",0.0017,NA,NA,NA,NA,"The machine seemed to stop even when the NZ-6 system was inactivated. It almost appeared as if the system was an option and an unpredictable option at that.",NA,NA,32.4028,0,29.7583,10,17.9341,50,NA,NA,NA,NA,"FALSE",24,"Xhosa, Zulu, Sotho, Tswana, Afrikaans.",4,"c",0
"160",173,"Prolific","L","2025-10-23_14h41.34.674",27.4826,90.0594,43.0476,0.717013889,0.66218533,241.1341,4.0808,0,"Linux x86_64",6e-04,NA,NA,NA,NA,"In most cases, when the NZ-6 was activated, the laminatorix did not stop, and in some cases it stopped without the NZ-6 being activated.",NA,NA,32.4861,55,23.8489,75,37.2869,20,NA,NA,NA,NA,"M",24,"isiXhosa",5,"c",0
"161",174,"Prolific","L","2025-10-23_14h42.10.430",16.1585,105.9155,35.2575,0.213541667,0.579752604,241.6889,6.0669,1,"Win32",16.1499,9,NA,NA,NA,"The NZ-6 system was very effective as it was able to stop the Laminatorix almost every time it was activated. so 9 times out of 10 the system was effective.",NA,NA,51.1065,75,11.0668,90,17.5819,10,NA,NA,NA,NA,"M",23,"English",0,"a",1
"162",175,"Prolific","L","2025-10-23_14h42.32.004",25.7832,138.4091,41.9021,0.685185185,0.52662037,386.3264,6.168,0,"Win32",0.0012,NA,NA,NA,NA,"i used the basis that the NZ-6 system is meant to stop the system however upon my observations i found the system to work about 65% of the time, so this system isn't effective and cannot be relied upon.",NA,NA,16.6766,65,31.2931,100,28.908,100,NA,NA,NA,NA,"M",19,"Sepedi",5,"a",1
"163",176,"Prolific","L","2025-10-23_14h44.05.496",7.9716,45.5942,9.6021,0.496527831,0.50115739,548.9564,3.1998,1,"Win32",4.6204,7,NA,NA,NA,"Its somewhat effective however it could also not work at all. Its confusing and difficult to say for sure whether it is effective or not.",NA,NA,10.3695,50,7.2801,50,8.4403,50,NA,NA,NA,NA,"M",21,"English",0,"b",1
"164",177,"Prolific","L","2025-10-23_14h45.11.170",33.3612,56.7431,15.1562,0.681712963,0.695601852,219.0892,6.7116,0,"Win32",6e-04,NA,NA,NA,NA,"It wasn't effective at all, because it didn't stop machine all the time. ",NA,NA,25.3785,91,35.6728,95,32.5097,3,NA,NA,NA,NA,"M",20,"Polish",6,"c",0
"165",178,"Prolific","L","2025-10-23_14h46.37.670",20.755,143.4343,58.6827,0.787203907,0.78373336,350.7634,5.2618,1,"Linux armv81",11.6489,7,NA,NA,NA,"Majority of the tests proved that the system managed to stop the Laminatorix machine.",NA,NA,31.1257,80,22.1977,62,14.1856,65,NA,NA,NA,NA,"M",23,"English",0,"b",1
"166",179,"Prolific","L","2025-10-23_14h55.01.239",32.3005,66.1182,22.5005,0.820856825,0.809297607,226.2462,6.3667,1,"Win32",22.817,7,NA,NA,NA,"In most cases, the lever has been able to stop the system, although on some occasions it has not been possible.",NA,NA,21.9671,95,17.9669,99,28.7672,50,NA,NA,NA,NA,"M",24,"Spain, Valencian",3,"a",1
"167",180,"Prolific","L","2025-10-23_14h56.26.314",15.6066,18.2551,19.1968,0.311342646,0.732638871,195.2642,3.6553,0,"Win32",5e-04,NA,NA,NA,NA,"I hoped that it will be effective against the system",NA,NA,15.5137,66,10.5992,72,5.1538,21,NA,NA,NA,NA,"M",22,"hungarian",8,"a",0
"168",181,"Prolific","L","2025-10-23_14h58.33.795",44.2013,43.1719,64.8939,0.727864583,0.355143229,993.1952,55.5692,0,"Win32",0.0019,NA,NA,NA,NA,"i considered the information that i was given at firtst but only to find out that it is not true",NA,NA,24.7865,0,30.5652,98,13.7805,99,NA,NA,NA,NA,"M",23,"english",0,"c",0
"169",182,"Prolific","L","2025-10-23_15h40.18.267",41.8132,62.2326,23.8154,0.604286321,0.560016654,216.4393,6.8478,1,"MacIntel",7.7828,7,NA,NA,NA,"I considered the number of times when the laminatorix stopped when the NZ-6 system was switched on relative to the number of times when the laminatorix didn't stop when that system was switched on. Based on my recollection, in most times laminatorix stopped when that system was activated. ",NA,NA,13.8325,83,15.9192,97,24.1133,25,NA,NA,NA,NA,"FALSE",23,"Ukrainian",5,"c",0
"170",183,"Prolific","L","2025-10-23_15h44.31.946",15.8475,81.1143,14.5491,0.306712998,0.444444497,224.2389,3.933,0,"Win32",5e-04,NA,NA,NA,NA,"so i think that around 80 % the machine will stop while using the nz6 but i think this is not a good number to count on . This system should have 100% because this a safety issue ",NA,NA,17.5013,83,11.6988,99,12.7509,30,NA,NA,NA,NA,"M",22,"greek ",9,"c",0
"171",184,"Prolific","L","2025-10-23_15h47.38.392",13.4154,97.0027,18.937,0.85069448,0.523148148,451.8709,5.2863,1,"Win32",10.5753,8,NA,NA,NA,"yes as the system managed to stop most of the NZ-6 ",NA,NA,32.7362,26,15.6785,62,8.7476,40,NA,NA,NA,NA,"M",22,"English",0,"c",0
"172",186,"Prolific","M","2025-10-23_16h49.07.454",8.89,99.1999,13.0713,0.631944444,0.634259259,339.6271,16.968,1,"Win32",14.9043,8,NA,"it was effective has like 75 - 80 % were treated 






",NA,NA,NA,NA,12.2549,80,11.873,90,10.4562,94,NA,NA,NA,NA,"M",22,"English ",2,"c",1
"173",187,"Prolific","M","2025-10-23_16h49.29.101",10.2325,26.0335,22.3166,0.262988281,0.681305804,179.3957,3.5661,1,"MacIntel",10.133,4,NA,"most people that took batatrim overtook the crisis so my logic was that the treatment had at least helped a little,while some people that also took batatrim didn´t make it, the majority did so that made me believe that at least it had an impact  ",NA,NA,NA,NA,15.4167,65,15.6007,78,12.8999,46,NA,NA,NA,NA,"M",22,"Portuguese",6,"a",1
"174",188,"Prolific","M","2025-10-23_16h51.28.865",15.2003,53.9517,17.8335,0.323166233,0.400526259,214.012,2.8985,0,"MacIntel",7e-04,NA,NA,"it seemed equally likely that a person would or would not recover regardless of batatrim ",NA,NA,NA,NA,8.716400001,75,20.2669,68,7.1832,37,NA,NA,NA,NA,"FALSE",21,"english ",0,"a",1
"175",189,"Prolific","M","2025-10-23_16h51.57.328",7.9358,98.4604,11.4207,0.518929144,0.490215003,217.0413,2.1002,1,"Linux x86_64",4.7509,7,NA,"Most patients that had taken Batatrim overcame the syndrome when i was answering the questions and there was a higher chance as stated",NA,NA,NA,NA,6.7686,72,12.3212,71,5.0171,74,NA,NA,NA,NA,"M",22,"english",0,"a",1
"176",190,"Prolific","M","2025-10-23_16h55.51.757",8.5571,43.3063,26.9563,0.394097222,0.655381944,331.2027,6.0549,1,"Win32",3.5957,6,NA,"Becuase while there were some patients that have managed to recover by using Batatrim , there were alot of cases aswell in which people that were using it didn't recover, also people who don't use it that have recoved.",NA,NA,NA,NA,15.5114,70,7.7594,70,11.3131,42,NA,NA,NA,NA,"M",22,"Romanian",10,"c",0
"177",191,"Prolific","M","2025-10-23_17h49.31.192",12.1964,34.5513,17.981,0.838785047,0.557113188,248.444,2.4036,0,"Win32",3e-04,NA,NA,"It felt like Batatrim wasn't efficient at all, and patients could still fail, it felt almost random in failing or not, probably due to other factors with the patient, allergies and more",NA,NA,NA,NA,18.4462,87,18.1071,40,15.7765,60,NA,NA,NA,NA,"M",19,"Polish",7,"a",1
"178",192,"Prolific","M","2025-10-23_17h51.34.111",56.2461,80.1941,23.0977,0.760416667,0.373842593,247.4631,16.1985,0,"Win32",0.0017,NA,NA,"I tried to keep average of people that Batatrim did not help, and people that it helped. And I think I have noticed that treatment wasnt a main factor in their recovery.",NA,NA,NA,NA,19.7981,91,12.0157,65,25.8954,46,NA,NA,NA,NA,"M",23,"Polish",4,"a",1
"179",193,"Prolific","M","2025-10-23_17h52.36.367",9.819,48.374,24.417,0.986111111,0.306763285,208.329,3.809,1,"MacIntel",4.657,6,NA,"The number of people who overcame the crisis was more than those who did not yet healed.",NA,NA,NA,NA,9.121,52,9.287,27,9.904,16,NA,NA,NA,NA,"FALSE",21,"English ",0,"c",0
"180",194,"Prolific","M","2025-10-23_17h52.37.081",22.4396,62.8889,21.1917,0.555555582,0.728298664,280.2828,9.2461,1,"Win32",9.2247,7,NA,"I think that it was more effective beacouse almost every patient that took it overcome the disesse",NA,NA,NA,NA,13.8865,82,15.5521,69,13.9191,28,NA,NA,NA,NA,"M",22,"Polish",10,"a",1
"181",195,"Prolific","M","2025-10-23_17h53.05.596",7.18,75.7641,13.0492,0.440972222,0.431712963,324.135,6.9174,0,"Win32",0.0021,NA,NA,"It was not significantly effective, it seems that  the drug worked/was effective the same as no treatment. It could go either way, it's not convincing.",NA,NA,NA,NA,14.2827,62,30.2831,75,25.0316,35,NA,NA,NA,NA,"M",24,"Setswana",7,"c",0
"182",196,"Prolific","M","2025-10-23_17h54.44.774",31.5452,462.7951,33.3763,0.105324074,0.278935185,405.6436,18.0125,1,"Win32",7.1651,7,NA,"more people who took Batarim overcame their illness",NA,NA,NA,NA,10.8483,62,9.5149,75,12.7481,47,NA,NA,NA,NA,"M",24,"Xhosa/Zulu",6,"b",1
"183",197,"Prolific","M","2025-10-23_17h55.27.802",17.4468,41.8126,14.1377,0.115885417,0.120768229,210.8661,3.0446,1,"Win32",53.6038,9,NA,"Yes I did consider it before answering",NA,NA,NA,NA,15.7084,89,8.9069,90,10.2991,86,NA,NA,NA,NA,"M",21,"Englih",0,"d",0
"184",199,"Prolific","M","2025-10-23_17h57.39.340",6.1498,34.6429,19.7671,0.921874977,0.580729149,176.844,3.6333,0,"Win32",4e-04,NA,NA,"i tried to remember more or less the % of answers in which it was effective or not. I'd say that using it or not would have a difference of at most 10%, but it's just napkin math from what i can remember",NA,NA,NA,NA,11.2089,100,14.017,76,29.7838,69,NA,NA,NA,NA,"M",23,"italian",8,"d",0
"185",200,"Prolific","M","2025-10-23_18h00.22.896",13.8204,39.0153,19.8992,0.762152751,0.426215278,227.7123,3.4936,0,"Win32",4e-04,NA,NA,"Most people were overcoming the crisis with or without the Batatrim, and even with Batatrim they still somehow didnt recover",NA,NA,NA,NA,11.3597,50,9.093,72,9.8916,78,NA,NA,NA,NA,"M",23,"english",0,"c",0
"186",201,"Prolific","M","2025-10-23_18h04.06.277",23.1567,111.458,29.1003,0.78587963,0.805555556,267.2481,8.49,1,"Win32",12.8686,8,NA,"I believe Batatrim is effective because I observed a significantly higher number of patients who were successfully cured after taking it compared to those who didn't take it and didn't recover.",NA,NA,NA,NA,25.1046,80,26.9857,70,17.6965,20,NA,NA,NA,NA,"M",24,"English",0,"b",1
"187",202,"Prolific","M","2025-10-23_18h10.34.068",20.2951,68.4819,13.4867,0.639973958,0.552083333,436.9077,6.7293,1,"Win32",4.7113,9,NA,"It effective because it stopped bacterias from making folic acid ",NA,NA,NA,NA,6.4065,85,8.3076,66,4.5774,70,NA,NA,NA,NA,"M",20,"English",1,"a",1
"188",203,"Prolific","L","2025-10-23_18h15.48.132",42.4957,124.9398,38.75,0.759259277,0.71527776,280.1374,9.6995,0,"Win32",0.0011,NA,NA,NA,NA,"As I was going through the story , I read that in case we used the NZ-6 system lever the laminatorix machine can be stopped. But here in many cases even after we used NZ-6 system the machine did not stop. So it was not effective.",NA,NA,25.9508,77,12.8389,89,32.4375,17,NA,NA,NA,NA,"M",23,"Hindi, English",0,"a",1
"189",204,"Prolific","M","2025-10-23_18h37.12.983",61.412,88.675,24.817,0.657877604,0.298177083,240.646,5.284,1,"Win32",15.083,7,NA,"i answered based on the task that i did",NA,NA,NA,NA,17.117,66,15.849,43,18.637,25,NA,NA,NA,NA,"M",21,"english",2,"c",0
"190",205,"Prolific","M","2025-10-23_18h51.10.458",18.6737,41.7242,73.0534,0.81134261,0.28587963,188.7474,2.0967,1,"Win32",13.5627,9,NA,"over 80% of patients have overcome the crisis with the medicine so it's effective and without it the chances down to about 40%",NA,NA,NA,NA,15.8187,90,8.9033,80,15.1382,40,NA,NA,NA,NA,"M",24,"Arabic",5,"c",0
"191",206,"Prolific","L","2025-10-23_19h01.59.090",39.4676,72.3186,36.4505,0.642361111,0.506944444,282.235,8.6167,0,"Win32",7e-04,NA,NA,NA,NA,"the number of times when the machine stopped without using the system is more than the times the machine stopped when the system was used. So, I think the system is not effective.",NA,NA,16.2661,40,16.7737,39,16.9668,61,NA,NA,NA,NA,"FALSE",21,"Bengali, Hindi",5,"a",1
"192",207,"Prolific","L","2025-10-23_19h42.32.740",18.3994,116.2493,50.6492,0.718589179,0.552160922,717.8454,27.8658,0,"MacIntel",6e-04,NA,NA,NA,NA,"I observed that the laminatorix did not stop even when the nz-6 system lever was activated. This indicateds that the nz-6 system was no effective in stopping the machine. Therefore, i concluded that system was ineffective based on direct observation of its performance",NA,NA,45.1662,72,49.3162,80,36.3663,65,NA,NA,NA,NA,"M",23,"Vietnamese",6,"c",0
"193",208,"Prolific","M","2025-10-23_22h52.57.588",53.7491,334.6168,28.8491,1,0.417824092,225.6933,23.8656,1,"Win32",19.2991,4,NA,"a lot of patients does take Batatrim and still go over crisis, and sometime the Batatrim does not get patient out of crisis. 
It confuse me more just by reading text and imagine the whole context. not enough information to decide the effective.
I think it slightly effective",NA,NA,NA,NA,21.3145,33,19.7981,86,30.5483,66,NA,NA,NA,NA,"M",23,"Vietnamese",15,"a",1
"194",209,"Prolific","M","2025-10-24_12h58.45.271",4.5751,35.2528,16.9623,0.760416667,0.398148219,224.1636,6.2905,1,"Win32",16.5101,7,NA,"Those who took Batatrim had a high chance of being recovered from the disease, because most of the people who took it, were recovered. But the problem is, that also a good amount of people who had the disease and didn't take Batatrim were also recovered, so we can't prove how effective Batatrim really is",NA,NA,NA,NA,17.0919,75,52.2192,75,35.7805,33,NA,NA,NA,NA,"M",24,"German",8,"d",0
"195",210,"Prolific","M","2025-10-24_13h00.38.580",41.45,57.954,40.319,0.331018519,0.409722222,205.948,3.18,0,"Win32",0,NA,NA,"The illness was more like an influensa rather than a strong illness. Most people without Batatrim survived it and most of the ones who took it happened to not survive. I think it's a placebo",NA,NA,NA,NA,29.834,70,19.134,80,17.085,60,NA,NA,NA,NA,"M",24,"Hungarian",10,"c",1
